n,p,v,corpus
考え方,が,ある,wiki
考え方,を,徹底する,wiki
範疇,に,含まれる,wiki
条約,が,要求する,wiki
保護,を,要求する,wiki
形,で,保護する,wiki
人格権,を,保護する,wiki
規定,を,設ける,wiki
地理学,に,該当する,wiki
成果,を,上げる,wiki
上,で,独立する,wiki
分野,を,する,wiki
対象,に,する,wiki
憲法,に,従う,wiki
政策,を,執行する,wiki
票,を,集める,wiki
者,が,選出される,wiki
大統領,に,選出される,wiki
閣僚,を,指名する,wiki
閣議,を,主宰する,wiki
行政,を,監督,wiki
政策,を,調整する,wiki
議会,に,提出する,wiki
案,を,提出する,wiki
閣僚,で,形成される,wiki
軍,を,統括しない,wiki
取り扱い,に,要する,wiki
注意,を,要する,wiki
例,を,上げる,wiki
内部,に,含む,wiki
水,を,含む,wiki
効果,が,消失する,wiki
食酢,が,付着する,wiki
内部,に,抱える,wiki
傷,を,抱える,wiki
対称性,から,示し得る,wiki
性,を,示し得る,wiki
こと,が,知られる,wiki
層内,で,発生する,wiki
方向,に,発生する,wiki
構造,が,ある,wiki
螺旋,が,発散する,wiki
状態,で,保つ,wiki
極性,を,保つ,wiki
状態,を,実現出来る,wiki
哲学,に,持ち続ける,wiki
影響力,を,持ち続ける,wiki
動詞,が,来る,wiki
最後,に,来る,wiki
不合理,と,断ずる,wiki
思想,を,表現する,wiki
最後,に,来る,wiki
部分,に,行く,wiki
代,に,入る,wiki
製造,が,なる,wiki
ロンドン,に,移る,wiki
頃,に,築く,wiki
もと,に,加える,wiki
改良,を,加える,wiki
楽器,を,製造する,wiki
基礎,を,築く,wiki
ドイツ,で,好まれる,wiki
年,に,渡英する,wiki
ハープシコード,と,併記する,wiki
曲名,に,使用する,wiki
著作者,に,認められる,wiki
他,に,保護する,wiki
人格権,が,ある,wiki
例,が,分かれる,wiki
中,で,定義する,wiki
ルール,に,基づく,wiki
定義,に,基づく,wiki
物,を,ゲーム化出来る,wiki
理論,を,考案する,wiki
満洲,で,する,wiki
芸妓,を,する,wiki
宴席,で,出会う,wiki
経験,から,彫られる,wiki
刺青,が,彫られる,wiki
上,で,受け入れる,wiki
仲介,を,経る,wiki
こと,を,通す,wiki
回想,を,通す,wiki
過去,を,持つ,wiki
父,が,見せる,wiki
藤七,が,罹患する,wiki
結核,に,罹患する,wiki
意思,で,除去する,wiki
刺青,を,除去する,wiki
頃,に,突かれる,wiki
目,を,突かれる,wiki
傘,で,突かれる,wiki
原因,で,失明する,wiki
右目,を,失明する,wiki
引き出し,から,見付ける,wiki
目玉,を,知らず,wiki
達,に,見せる,wiki
母,から,怒られる,wiki
現象,を,示す,wiki
生物,が,持つ,wiki
無生物,が,持たない,wiki
此れ,に,加える,wiki
遣り取り,を,絶やす,wiki
開放系,を,取る,wiki
能力,を,持つ,wiki
常,に,変化する,wiki
細胞,を,する,wiki
基礎,と,する,wiki
目的語,が,指示する,wiki
人,を,指示する,wiki
形容詞,が,付く,wiki
此れ,に,付く,wiki
a,が,付く,wiki
目的語,が,指示する,wiki
人,を,指示する,wiki
a,を,つけない,wiki
物,を,指示する,wiki
a,を,つけない,wiki
ルイサ,を,尊敬するrespetad,wiki
老人,を,尊敬し為さる,wiki
街,で,会う,wiki
お父さん,に,会う,wiki
秘書,を,探す,wiki
世紀,に,かける,wiki
とも,に,なる,wiki
問題,と,なる,wiki
法,が,制定される,wiki
互い,に,保護する,wiki
著作権,を,保護する,wiki
条約,を,締結する,wiki
解決,を,図る,wiki
効力,が,及ばず,wiki
要件,を,定める,wiki
現実,に,取得する,wiki
著作権,を,取得する,wiki
差,が,現れる,wiki
名称,に,表れる,wiki
体,を,切り替える,wiki
常,に,切り替える,wiki
前節,で,述べる,wiki
長音,と,合わせる,wiki
モーラ,と,扱う,wiki
連続,と,なる,wiki
音,と,なる,wiki
子音,と,なる但し,wiki
母音,と,なる,wiki
 ,を,用いる,wiki
旅行,を,する,wiki
共,に,する,wiki
交流,が,ある,wiki
音,と,なる,wiki
文字,で,表す,wiki
子音,を,表す,wiki
間,に,挟まれる,wiki
中国,から,伝えられる,wiki
医療,が,行われる,wiki
漢方,が,伝わる,wiki
医学,を,発展させる,wiki
中心,に,行われる,wiki
診療,が,行われる,wiki
最初,と,なる,wiki
手術,が,行われる,wiki
影響,を,受ける,wiki
医学,を,探求する,wiki
軍需,に,使う,wiki
目的,と,する,wiki
プログラミング,を,応用する,wiki
研究,に,費やす,wiki
資源,を,費やす,wiki
動き,が,ある,wiki
パラダイム,を,生み出す,wiki
アイデア,に,加える,wiki
改良,を,加える,wiki
多忙,を,極める,wiki
連載,を,熟す,wiki
一方,で,出会う,wiki
タモリ,と,出会う,wiki
タモリ,を,する,wiki
中枢,と,する,wiki
交流,を,深める,wiki
関心,を,示す,wiki
筆頭,に,企画出演する,wiki
イベント,を,企画出演する,wiki
漫画,に,費やす,wiki
エネルギー,を,発散する,wiki
ステージ,で,発散する,wiki
発言,が,ある,wiki
スランプ,に,陥る,wiki
能力,を,実現する,wiki
上,で,実現する,wiki
判断,を,模倣,wiki
パターン,を,検出抽出する,wiki
等,が,ある,wiki
大震災,で,被災する,wiki
図書館,へ,行く,wiki
階層,へ,普及し始める,wiki
単語,を,並べる,wiki
いろは順,に,並べる,wiki
辞書,が,編まれる,wiki
輸出,に,占める,wiki
輸入,に,占める,wiki
貿易,が,見える,wiki
輸出,を,見る,wiki
別,に,見る,wiki
食料品,が,占める,wiki
輸出,に,占める,wiki
支配,を,受ける,wiki
国,が,占める,wiki
比率,を,占める,wiki
言語,を,分類する,wiki
語頭,に,ある,wiki
H,に,なる,wiki
-,と,なる,wiki
語頭,に,ある,wiki
後,に,続く,wiki
母音,が,続く,wiki
母音,に,はさまれる,wiki
y,に,変化する,wiki
摩擦音,で,発音される,wiki
以外,に,用いない,wiki
綴り,を,置き換える,wiki
b,に,置き換える,wiki
傾向,が,ある,wiki
V,に,置き換えられる,wiki
一般,に,見る,wiki
設計,を,用いる,wiki
弦,を,張る,wiki
上,に,張る,wiki
状,に,張る,wiki
弦,を,張る,wiki
側,に,設置される,wiki
鍵盤,が,設置される,wiki
フレデリチ,に,帰される,wiki
イギリス,で,博する,wiki
人気,を,博する,wiki
人気,を,博する,wiki
楽器,に,比べる,wiki
難,が,ある,wiki
生前,に,出版される,wiki
匿名,で,出版される,wiki
没後,に,出版される,wiki
自身,が,見合わせる,wiki
出版,を,見合わせる,wiki
ラテン語,で,書かれる,wiki
語,で,書かれる,wiki
友人,が,訳す,wiki
原文,を,訳す,wiki
語,に,訳す,wiki
ポルトガル語,を,使う,wiki
子供,を,有する,wiki
子供,を,有する,wiki
離婚,に,至る,wiki
パーセント,を,占める,wiki
AI,が,活用される,wiki
診断,と,言われる,wiki
部分,を,検知する,wiki
AI,が,解析出来る,wiki
作品,に,受ける,wiki
影響,を,受ける,wiki
ポンニミット,が,いる,wiki
作品,に,与える,wiki
影響,を,与える,wiki
インスピレーション,を,得る,wiki
鬼,を,演じる,wiki
父,に,演じる,wiki
方言,に,大別出来る,wiki
線,が,なる,wiki
線,と,なる,wiki
方言,に,分けられる,wiki
時代,が,続く,wiki
ドイツ,が,似る,wiki
言語,を,抱える,wiki
状況,と,似る,wiki
世界,に,存在する,wiki
機能主義,が,提唱される,wiki
全体,に,及ぼす,wiki
影響,を,及ぼす,wiki
理論,を,築き上げる,wiki
意図,を,持つ,wiki
者,に,与える,wiki
影響,を,与える,wiki
主流,を,成す,wiki
体系化,が,実現する,wiki
つ,に,含まれる,wiki
音楽,が,含まれる,wiki
世紀,に,入る,wiki
教育,が,始まる,wiki
教育,から,組み込まれる,wiki
中,に,組み込まれる,wiki
考え方,を,踏襲する,wiki
音楽,を,存在しない,wiki
人材,が,存在しない,wiki
発行,を,導入される,wiki
皮切り,に,導入される,wiki
徐々,に,導入される,wiki
唱歌,が,導入される,wiki
プロ,を,育成する,wiki
各地,に,存在する,wiki
音楽家,を,育成する,wiki
物,を,する,wiki
源流,と,する,wiki
吹き,に,行く,wiki
年,に,大爆発する,wiki
中間,に,位置する,wiki
発祥地,から,広がる,wiki
広がり,を,持つ,wiki
文化,を,越える,wiki
傾向,が,ある,wiki
間,で,起きる,wiki
衝突,が,起きる,wiki
場合,が,ある,wiki
連盟,が,存在する,wiki
競技,が,行われる,wiki
世界,で,行われる,wiki
極東,に,集中する,wiki
諸国,で,行われる,wiki
地域,で,持つ,wiki
人気,を,持つ,wiki
民族,で,行われる,wiki
各地,に,存在する,wiki
人気,を,誇る,wiki
共,に,送る,wiki
生活,を,送る,wiki
swat,を,経る,wiki
eswat,に,入隊する,wiki
秋,に,公開される,wiki
ChatGPT,が,公開される,wiki
回答,を,返す,wiki
向上,を,考慮する,wiki
応答,が,なる,wiki
見通し,が,ある,wiki
こと,が,判明する,wiki
こと,を,理解する,wiki
立場,から,理解する,wiki
枠組み,を,越える,wiki
実験,が,影響しあう,wiki
年,で,なる,wiki
そこ,で,見つけられる,wiki
証拠,を,見つけられる,wiki
班,から,携える,wiki
情報,を,携える,wiki
特長,を,取り入れる,wiki
其れ,に,匹敵する,wiki
能力,を,持つ,wiki
割,に,ある,wiki
体重,が,ある,wiki
素材,で,構成される,wiki
身体,が,構成される,wiki
可能性,が,ある,wiki
一度,に,出産する,wiki
子供,を,出産する,wiki
謎,が,ある,wiki
能力,を,持つ,wiki
うち,に,使い熟す,wiki
コンピューター,を,使い熟す,wiki
南西,に,横たわる,wiki
請求,を,棄却する,wiki
性質,を,分析し明らか,wiki
こと,を,する,wiki
目的,と,する,wiki
知見,を,記述する,wiki
方法,で,表現する,wiki
等,と,異なる,wiki
等,を,伝達する,wiki
読者,に,伝達する,wiki
表現,を,用いる,wiki
必要,が,ある,wiki
物,に,なる,wiki
結果,から,或る,wiki
知見,を,導き出す,wiki
個性,が,表れる,wiki
知見,を,記述する,wiki
方法,で,記述する,wiki
創作性,が,ある,wiki
保護,を,受ける,wiki
論,に,類似する,wiki
ソクラテス,が,知り得ない,wiki
神々,に,与える,wiki
着物,を,与える,wiki
祷文,に,通じる,wiki
敵,を,愛する,wiki
戦争,に,する,wiki
姿勢,が,アテナイ,wiki
こと,に,よる,wiki
ソクラテス,を,引き寄せる,wiki
孔子,に,引き寄せる,wiki
情報,を,記録する,wiki
世代,に,引き継がれる,wiki
ケーキ,を,目指す,wiki
王朝,に,入る,wiki
意味,が,変質する,wiki
物,を,建てられる,wiki
煉瓦,を,使用する,wiki
こと,で,なる,wiki
物,と,なる,wiki
時期,を,保つ,wiki
年,に,即位する,wiki
中期,より,呼ばれる,wiki
ノモス,と,呼ばれる,wiki
勢力,が,増大する,wiki
物,と,なる,wiki
年,に,崩壊する,wiki
王朝,が,崩壊する,wiki
隅,を,突く,wiki
青年期,を,過ぎる,wiki
営み,と,断定する,wiki
運営,を,優先する,wiki
観,を,持つ,wiki
人々,を,苛立たせる,wiki
ソクラテス,を,非難する,wiki
ソクラテス,を,非難する,wiki
人々,が,立つ,wiki
中,に,巻き込まれる,wiki
コント,が,生み出す,wiki
経済学,を,統合する,wiki
自然学,を,見なす,wiki
哲学,と,見なす,wiki
言語,を,する,wiki
対象,と,する,wiki
考察,に,取り組む,wiki
関係,で,指す,wiki
科,を,指す,wiki
言葉,と,なる,wiki
文語,と,日常使用する,wiki
隔たり,が,みられる,wiki
言葉,と,異なる,wiki
言語,を,採用する,wiki
役割,を,果たす,wiki
言語,が,なる,wiki
言語,を,筆記する,wiki
表記法,が,定まる,wiki
標準語,が,制定される,wiki
徐々,に,定まる,wiki
機関,を,置く,wiki
主導,で,制定する,wiki
標準語,を,制定する,wiki
国家,を,成立させる,wiki
ピース,と,なる,wiki
序列,を,つける,wiki
こと,に,繋がる,wiki
物質,を,使用する,wiki
物,を,転用する,wiki
向け,に,転用する,wiki
屈折,に,する,wiki
添加物,を,加える,wiki
ダイヤモンド,に,近付ける,wiki
大戦,を,経る,wiki
需要,が,伸び始める,wiki
%,が,加わる,wiki
歳入,に,加わる,wiki
こと,が,取り決められる,wiki
ソ連,に,接近,wiki
油田,が,開発される,wiki
ソ連,に,開発される,wiki
条約,を,結ぶ,wiki
引き換え,に,なる,wiki
物,と,なる,wiki
成長,で,なる,wiki
サウジアラビア,に,次ぐ,wiki
輸出国,に,なる,wiki
影響,が,ある,wiki
隅,に,位置する,wiki
湾,に,接する,wiki
以下,と,言う,wiki
広さ,を,持つ,wiki
湖,に,次ぐ,wiki
山地,に,なる,wiki
聖書,で,授かる,wiki
モーゼ,が,授かる,wiki
戒,を,授かる,wiki
湾,が,湾入する,wiki
地峡,と,なる,wiki
此処,が,される,wiki
境目,と,される,wiki
運河,が,建設される,wiki
アジア,を,結ぶ,wiki
大動脈,と,なる,wiki
つ,が,成立する,wiki
方,が,使用される,wiki
文字,が,誕生する,wiki
後世,に,あたる紀元前,wiki
ヒエラティック,を,崩す,wiki
デモティック,が,なる,wiki
文字,と,なる,wiki
元,に,成立する,wiki
文学,が,成立する,wiki
文学,と,考えられる,wiki
ビデオクリップ,に,顔出し出演する,wiki
本人,が,顔出し出演する,wiki
其れ,に,続く,wiki
合字,が,使われる,wiki
体,に,至る,wiki
次第,に,わかり難い,wiki
文字,が,わかり難い,wiki
形,に,変化する,wiki
スペイン,へ,向かう,wiki
父親,が,勤務する,wiki
美術部,に,勤務する,wiki
頃,から,親しむ,wiki
絵,に,親しむ,wiki
飛行機,を,描く,wiki
日々,を,送る,wiki
家,に,ある,wiki
漫画雑誌,で,読む,wiki
憧れ,を,持つ,wiki
作風,に,繋がる,wiki
影響,を,受ける,wiki
画家,を,目指す,wiki
機,に,移る,wiki
漫画,に,移る,wiki
興味,が,移る,wiki
時代,に,創刊する,wiki
手塚治虫,が,創刊する,wiki
影響,を,受ける,wiki
漫画家,を,目指す,wiki
内部,で,運用する,wiki
砲台,を,運用する,wiki
仇,と,なる,wiki
無制限,に,撒き散らす,wiki
破壊,を,撒き散らす,wiki
目的,と,する,wiki
無人,で,稼動する,wiki
威力,を,持つ,wiki
装甲,に,守られる,wiki
装備,に,苦戦,wiki
跳弾,で,拡散させる,wiki
被害,を,拡散させる,wiki
敵,に,乗っ取られる,wiki
eswat,を,追い詰める,wiki
文,が,完成する,wiki
エアポリス,が,使用する,wiki
ローター,を,採用する,wiki
機動性,に,優れる,wiki
バイク,に,跨がる,wiki
格好,で,搭乗する,wiki
他,に,備える,wiki
上部,に,備える,wiki
カメラアイ,を,備える,wiki
溜め息,を,つく,wiki
犬,を,飼う,wiki
麦芽,を,発酵させる,wiki
学校,で,ある,wiki
運動会,が,ある,wiki
状況,を,述べる,wiki
こと,を,言う,wiki
属性,を,表す,wiki
状況,を,表す,wiki
役目,を,果たす,wiki
有り様,を,表す,wiki
前,に,置かれる,wiki
前,に,置かれる,wiki
概念,が,一致する,wiki
修飾語,を,含む,wiki
廃虚,と,なる,wiki
日々,を,送る,wiki
他,に,生き残る,wiki
人間,が,生き残る,wiki
移住,を,持ちかけられる,wiki
望み,から,受諾する,wiki
オリンポス,に,着く,wiki
レオス,を,待つ,wiki
年,に,制定される,wiki
国民,に,持つ,wiki
姓,を,持つ,wiki
出自,に,由来する,wiki
姓,と,する,wiki
言葉,を,選ぶ,wiki
姓,を,つける,wiki
姓,が,認められる,wiki
こと,を,認めない,wiki
判決,が,下される,wiki
書き言葉,が,成熟する,wiki
調,で,書かれる,wiki
物,を,見る,wiki
開き,が,生まれる,wiki
こと,が,窺う,wiki
話し言葉,が,反映される,wiki
文法,に,従う,wiki
文体,が,用いられる,wiki
無生物,を,区別する,wiki
用語,を,用いる,wiki
生命,を,持つ,wiki
本質,を,成す,wiki
体,を,形成する,wiki
機能,に,注目する,wiki
現象,を,解き明かす,wiki
レベル,で,する,wiki
こと,を,組み合わせる,wiki
限界,が,ある,wiki
傾倒,から,抜け出す,wiki
世紀,に,入る,wiki
多様性,を,扱う,wiki
東京,を,代表する,wiki
地理学,が,カバーする,wiki
教育,を,行う,wiki
其れ,を,成立する,wiki
元,に,成立する,wiki
会話,が,成立しない,wiki
におい,が,する,wiki
パズル,を,解く,wiki
移民,が,行われる,wiki
音楽,が,なる,wiki
ゴスペル,が,始まる,wiki
ブルース,が,融合する,wiki
音楽,と,融合する,wiki
ポリリズム,が,発展する,wiki
ジャズ,に,発展する,wiki
音楽,が,融合する,wiki
人気,を,集める,wiki
ゴスペル,が,融合する,wiki
動き,が,現れる,wiki
マルチキャスト,が,行う,wiki
マルチキャスト,を,行う,wiki
層,で,する,wiki
コピー,を,する,wiki
マルチキャスト,を,行う,wiki
意味合い,から,来る,wiki
色,で,描かれる,wiki
bsk,に,隣接する,wiki
範囲,に,見られる,wiki
発端,と,なる,wiki
若者,が,集まる,wiki
歓楽街,と,なる,wiki
時代,に,する,wiki
貿易,を,する,wiki
影響,を,受ける,wiki
雰囲気,で,作られる,wiki
広場,を,結ぶ,wiki
丁目,に,ある,wiki
協会,が,所有する,wiki
言語,が,ある,wiki
困難,が,ある,wiki
集団,を,する,wiki
ユーゴスラビア,に,属する,wiki
ユーゴスラビア,が,崩壊する,wiki
言語,に,分けられる,wiki
年,に,独立する,wiki
モンテネグロ,が,独立する,wiki
モンテネグロ,から,独立する,wiki
語,が,なる,wiki
語,から,分けられる,wiki
標準語,を,持たず,wiki
中心,を,持つ,wiki
こと,を,呼ぶ,wiki
言語,と,呼ぶ,wiki
此れ,に,含まれる,wiki
データ,を,持つ,wiki
メッセージ,を,転送する,wiki
先,を,選ぶ,wiki
方法,を,決める,wiki
キー,に,対応する,wiki
キー,に,応じる,wiki
範囲,を,絞る,wiki
メッセージ,が,転送される,wiki
理解,が,し易い,wiki
助詞,を,伴う,wiki
格,を,示す,wiki
語尾,を,変化させる,wiki
成分,を,担う,wiki
変化,を,言う,wiki
語,を,総称する,wiki
裁判所,に,相当する,wiki
テーベ,に,ある,wiki
死刑,に,当たる,wiki
重罪,を,扱う,wiki
証拠,が,提出される,wiki
訴訟,に,負ける,wiki
負け,を,認める,wiki
後,で,下される,wiki
判決,が,出される,wiki
場合,が,なる,wiki
像,が,なる,wiki
裁判官,と,なる,wiki
意志,が,行なわれる,wiki
前,で,行なわれる,wiki
前,に,立つ,wiki
リスト,を,読み上げる,wiki
名,が,呼ばれる,wiki
神像,が,見せる,wiki
兆候,を,見せる,wiki
悪用,を,招く,wiki
種類,が,存在する,wiki
作業,を,補助する,wiki
AI,が,実現する,wiki
AI,に,登場する,wiki
言語,で,指定する,wiki
人工知能,を,利用する,wiki
懸念,が,広がる,wiki
年,に,始まる,wiki
政策,を,阻む,wiki
対立,が,激化する,wiki
駆け引き,が,続く,wiki
年,に,勃発する,wiki
連合軍,に,敗北する,wiki
性,が,なる,wiki
令,を,発布する,wiki
道,を,開く,wiki
弾圧,を,受ける,wiki
テロリズム,を,横行させる,wiki
基,に,創立する,wiki
伝統,を,誇る,wiki
魚戸,が,入る,wiki
元,に,入る,wiki
後,に,脱走する様,wiki
形,で,辞める,wiki
時,に,亡くす,wiki
父,を,亡くす,wiki
先生,と,言う,wiki
感じ,が,する,wiki
言語,を,含む,wiki
年,に,なる,wiki
世界,が,知らない,wiki
こと,に,なる,wiki
系,が,なる,wiki
状態,と,なる,wiki
こと,を,拡散する,wiki
誌,に,投稿する,wiki
論文,を,投稿する,wiki
不満,を,優先する,wiki
基準,が,腐敗する,wiki
研究,を,する,wiki
専門,と,する,wiki
誌,に,投稿する,wiki
論文,を,投稿する,wiki
査読,を,通過する,wiki
実験,が,される,wiki
気,に,しない,wiki
達,が,好む,wiki
主張,を,する,wiki
等,を,見る,wiki
アカデミズム,を,軽視する,wiki
こと,を,書く,wiki
成果,を,出さない,wiki
人,が,なる,wiki
多数,に,なる,wiki
成果,が,実質無い,wiki
価値,が,ある,wiki
議論,が,言う,wiki
皆無,と,言う,wiki
データ,を,持つ,wiki
メッセージ,を,投げる,wiki
ノード,が,知る,wiki
又聞き,を,する,wiki
仕組み,に,なる,wiki
インデックス,が,なる,wiki
つ,に,分類できる後述,wiki
鉱物,を,言う,wiki
作業,を,置き換える,wiki
前半,から,進出する,wiki
分野,へ,進出する,wiki
スキル,を,する,wiki
必要,と,する,wiki
映像,から,作成する,wiki
棋譜,を,作成する,wiki
利用,に,留まる,wiki
開発,を,進める,wiki
BOT,に,搭載する,wiki
人工知能,を,搭載する,wiki
労働,を,担当させる,wiki
弦,を,叩く,wiki
ハンマー,で,叩く,wiki
こと,で,発音する,wiki
鍵,を,押す,wiki
鍵,に,連動する,wiki
ハンマー,が,対応する,wiki
弦,を,叩く,wiki
音,が,出る,wiki
楽器,に,分類される,wiki
具合,を,調節する,wiki
具合,を,調節する,wiki
此れ,を,呼ぶ,wiki
ペダル,と,呼ぶ,wiki
ペダル,と,踏み込む,wiki
具合,を,変化させる,wiki
ビブラート,に,似る,wiki
効果,を,得る,wiki
上,に,ある,wiki
指定,が,ある,wiki
ペダル,を,踏み込む,wiki
歌唱,に,共鳴する,wiki
ピアノ,が,共鳴する,wiki
ピアノ,で,発音せず,wiki
鍵,を,押し込む,wiki
無音,で,押し込む,wiki
楽器,に,共鳴させる,wiki
奏者,が,吹く,wiki
内部,に,向かう,wiki
トランペット,を,吹く,wiki
共鳴,を,聞き取る,wiki
場面,が,ある,wiki
名,を,記載する,wiki
貢献,を,考察する,wiki
旧居,が,なる,wiki
記念館,と,なる,wiki
意味,に,関連する,wiki
言語,が,持つ,wiki
特性,を,持つ,wiki
答え,に,ある,wiki
考え,を,伴う,wiki
形式,が,続く,wiki
内部メカニズム,から,続く,wiki
視点,を,取る,wiki
曲,を,学習する,wiki
作風,を,真似る,wiki
ソフト,が,登場する,wiki
位置,を,示す,wiki
楽曲,から,自動生成する,wiki
分野,に,特化する,wiki
音声,を,学習させる,wiki
仕事,を,代替する,wiki
声,で,歌わせる,wiki
必要性,が,議論される,wiki
意味合い,が,ある,wiki
発色,を,生み出す,wiki
技法,が,発達する,wiki
日,に,公表される,wiki
法,が,公表される,wiki
宗教,を,する,wiki
基盤,と,する,wiki
政党,が,禁止される,wiki
母体,と,する,wiki
中心,を,担う,wiki
全部,で,参加する,wiki
政党,が,参加する,wiki
年,に,解党される,wiki
過半数,を,占める,wiki
活動,が,排除される,wiki
文化,に,言及する,wiki
つ,に,分けられる,wiki
世紀,に,形成される,wiki
地域,と,なる,wiki
合流,と,表される,wiki
圏,と,対比する,wiki
イタリア,が,該当する,wiki
影響,を,受け継ぐ,wiki
相,と,なる,wiki
単語,が,見られる,wiki
境,と,する,wiki
案,が,集める,wiki
皮切り,に,集める,wiki
支持,を,集める,wiki
解決,を,見る,wiki
心,を,読む,wiki
少女,を,通す,wiki
社会,に,生きる,wiki
心,を,描く,wiki
美術界,を,する,wiki
テーマ,に,する,wiki
作品,を,発表する,wiki
集英社,に,復帰する,wiki
法曹界,を,する,wiki
舞台,に,する,wiki
年,から,連載される,wiki
同誌,に,連載される,wiki
幕末,に,タイムスリップする,wiki
目,を,通す,wiki
尊厳,を,描く,wiki
性,から,呼ぶ,wiki
評判,を,呼ぶ,wiki
視聴率,を,記録する,wiki
話題,を,集める,wiki
広島県広島市,に,所在,wiki
表示,を,する,wiki
研磨,を,除き模倣宝石,wiki
手,が,加わる,wiki
古く,から,所有する,wiki
貴族,が,所有する,wiki
名,が,付けられる,wiki
価値,が,ある,wiki
物,が,産出される,wiki
高値,で,取引される,wiki
こと,を,証明する,wiki
次,に,期待出来る,wiki
発展,が,期待出来る,wiki
GDP,で,見る,wiki
モロッコ,に,比べる,wiki
章太郎,を,慕う,wiki
舞台,を,移す,wiki
大ヒット,で,なる,wiki
作家,と,なる,wiki
礎,を,築く,wiki
ヨーロッパ,で,体系化される,wiki
子供,に,させる,wiki
練習,を,させる,wiki
成績,が,伸びる,wiki
関連性,を,示唆する,wiki
曲,を,歌う,wiki
真琴,が,歌う,wiki
キャッチコピー,に,する,wiki
地域圏,で,犯される,wiki
パリ,で,みられる,wiki
件,が,認知され犯罪発生率,wiki
パーセント,を,下回り全国,wiki
平均,を,下回る,wiki
住居,を,有する,wiki
平均,を,上回る,wiki
関係,を,考察する,wiki
分野,で,扱う,wiki
言語,を,形成する,wiki
中,で,形成される,wiki
主導権,を,握る,wiki
ラテン語,で,書く,wiki
語彙,を,取り入れる,wiki
言葉,で,執筆する,wiki
言葉,が,呼ばれる,wiki
イタリア語,と,呼ばれる,wiki
作品,が,得る,wiki
称賛,を,得る,wiki
方言,を,する,wiki
中核,に,する,wiki
言葉,が,なる,wiki
公用語,と,なる,wiki
死後,から,なる,wiki
死語,に,なる,wiki
等,を,する,wiki
中心,と,する,wiki
グループ,が,呼び掛ける,wiki
作り,を,呼び掛ける,wiki
事績,を,たたえる,wiki
こと,で,求める,wiki
標準語,を,求める,wiki
同時,に,浴びる,wiki
脚光,を,浴びる,wiki
年,に,設計される,wiki
ロシア連邦,を,含む,wiki
源,と,なる,wiki
内戦,に,誘発される,wiki
事件,が,起きる,wiki
人,に,減る,wiki
観光客,を,受け入れる,wiki
国民,に,課せられる,wiki
高橋,に,受ける,wiki
影響,を,受ける,wiki
漫画家,を,志す,wiki
漫画,を,する,wiki
得意,と,する,wiki
実力,を,認める,wiki
動詞,が,扱われる,wiki
香り,を,つける,wiki
イニシャル,が,なる,wiki
元,と,なる,wiki
一線,を,画する,wiki
関係,を,築く,wiki
次第,に,なる,wiki
部分,で,利かす,wiki
融通,を,利かす,wiki
最善,を,する,wiki
言語,で,発行される,wiki
学校,で,学ぶ,wiki
母語,を,使用する,wiki
化,を,進める,wiki
部分,に,居住する,wiki
種,が,混じり合う,wiki
等,と,結成する,wiki
他人,が,成り済ます,wiki
自分,に,成り済ます,wiki
投稿,を,行う,wiki
こと,が,出来る,wiki
法,が,適用される,wiki
期間,を,変更する,wiki
物,と,仮定する,wiki
メディア,で,流される,wiki
像,に,近付く,wiki
パリ,に,遣る,wiki
事例,が,言われる,wiki
パリ,に,来る,wiki
実態,を,見る,wiki
目,で,見る,wiki
自分,が,信じる,wiki
虚像,を,信じる,wiki
鬱状態,に,なる,wiki
ハンマー,が,叩く,wiki
弦,を,叩く,wiki
弦,と,接触し続けない,wiki
機構,を,開発する,wiki
点,に,ある,wiki
鍵,を,押す,wiki
タンジェント,が,触り続ける,wiki
弦,に,触り続ける,wiki
ハンマー,が,触れ続ける,wiki
弦,に,触れ続ける,wiki
響き,を,止める,wiki
位置,に,戻らない,wiki
原型,と,なる,wiki
弦,を,用いる,wiki
パーソナルコンピューター,を,利用する,wiki
機,で,プレイする,wiki
物,が,ある,wiki
群,に,大別される,wiki
成分,を,利用する,wiki
階級,に,置かれる,wiki
群,と,考えられる,wiki
こと,が,なる,wiki
群,が,独立する,wiki
門,に,置かれる,wiki
結果,が,支持される,wiki
毎,に,偏る,wiki
割合,が,偏る,wiki
こと,が,分かる,wiki
推定,が,なされる,wiki
データセット,を,増やす,wiki
群,を,成す,wiki
こと,が,なる,wiki
植物,を,こけ,wiki
ファシズム,に,似る,wiki
体制,が,確立する,wiki
政党,が,ある,wiki
組織,を,有する,wiki
対立,が,高まり,wiki
語,を,書き表す,wiki
音韻,を,表記する,wiki
両語,を,書き分けられないアクセント,wiki
上,に,来す,wiki
不便,を,来す,wiki
回線,で,繋ぐ,wiki
日,を,支配する,wiki
オシロスコープ,に,引き付ける,wiki
注意,を,引き付ける,wiki
訪問者,に,提供される,wiki
パソコン,で,遊ぶ,wiki
医学,で,する,wiki
貢献,を,する,wiki
人,に,与えられる,wiki
夫妻,が,創設する,wiki
年,に,創設する,wiki
部門,から,構成される,wiki
年,に,初受賞する,wiki
秀三郎,が,初受賞する,wiki
賞,を,受賞する,wiki
賞,を,受賞する,wiki
受賞者,と,なる,wiki
状態,を,保持する,wiki
化,を,される,wiki
こと,を,防ぐ,wiki
年,に,開発される,wiki
後,に,設置される,wiki
フレーム,が,設置される,wiki
上,に,張られる,wiki
弦,を,張る,wiki
ワーナム,が,開発する,wiki
頃,に,開発する,wiki
世紀,に,入る,wiki
機構,を,持つ,wiki
弦,を,張る,wiki
後半,に,得る,wiki
フランス,で,得る,wiki
人気,を,得る,wiki
半ば,より,製作される,wiki
高さ,を,確保する,wiki
政治,を,する,wiki
基本,と,する,wiki
乱立,を,防ぐ,wiki
得票率,を,獲得できない,wiki
議席,が,配分されない,wiki
方式,を,取る,wiki
前,に,結集する,wiki
派,が,結集する,wiki
党,が,収める,wiki
勝利,を,収める,wiki
殆ど,を,占める,wiki
日,に,実施される,wiki
党,が,上回る,wiki
前回,を,上回る,wiki
ポイント,を,上回る,wiki
%,を,獲得する,wiki
党,が,減らす,wiki
議席,を,減らす,wiki
%,と,獲得する,wiki
票,を,獲得する,wiki
議席,と,なる,wiki
前回,より,減らす,wiki
議席,を,減らす,wiki
議席,を,獲得する,wiki
係り結び,と,称される,wiki
規則,が,ある,wiki
助詞,で,受ける,wiki
連体形,で,結ぶ,wiki
スマラン,に,ある,wiki
歴史,が,展開する,wiki
中,で,使われる,wiki
記録,に,残る,wiki
海岸,を,指す,wiki
アポローン,に,捧げられる,wiki
賛歌,に,ある,wiki
アジア,を,区分する,wiki
ヘカタイオス,が,作成する,wiki
世界,が,分けられる,wiki
箇所,に,分けられる,wiki
川,と,リオニ,wiki
こと,を,示唆する,wiki
川,と,する,wiki
川,と,考える,wiki
大陸,を,与えられる,wiki
ノア,から,与えられる,wiki
達,へ,与えられる,wiki
物,と,記す,wiki
境,と,なる,wiki
境,と,なる,wiki
地域,と,する,wiki
必要,が,ある,wiki
こと,で,なる,wiki
著作物,と,なる,wiki
ペダル,と,呼ばれる,wiki
ペダル,を,踏む,wiki
全体,が,ずれる,wiki
右,に,ずれる,wiki
ハンマー,が,叩く,wiki
弦,に,当たる,wiki
部位,が,変わる,wiki
中央,から,変わる,wiki
端,に,変わる,wiki
音量,が,減少するウナコルダ,wiki
位置,が,近づく打弦距離,wiki
弦,に,近づく打弦距離,wiki
速度,が,下がる,wiki
音量,が,なる,wiki
運動,で,打弦する,wiki
テンポ,で,繰り返す,wiki
ハンマー,が,打たない,wiki
弦,を,打たない,wiki
タッチ,と,なる,wiki
そこ,で,ある,wiki
ペダル,を,使用する,wiki
タッチ,を,起こし難い,wiki
効果,が,ある,wiki
ペダル,を,踏む,wiki
効果,を,得る,wiki
役割,を,果たす,wiki
ペダル,と,いえる,wiki
ソース,に,なる,wiki
プロ,に,する,wiki
時,に,勧める,wiki
プロ,に,勧める,wiki
アップグレード,を,勧める,wiki
メッセージ,が,出る,wiki
エンジン,が,組み込まれる,wiki
プロ,で,ダウンロードされる,wiki
PC,で,実行される,wiki
拡大,を,防ぐ,wiki
移民,が,暮らす,wiki
商店街,が,ある,wiki
常,に,混雑する,wiki
古代,から,残される,wiki
貢献,が,知られる,wiki
プラトン,が,描く,wiki
疑問,が,残される,wiki
語尾,に,由来する,wiki
地下水,を,する,wiki
対象,と,する,wiki
メール,を,同報する,wiki
多数,に,同報する,wiki
構造,に,起因する,wiki
問題点,が,ある,wiki
不整地,を,問わず,wiki
装甲,を,施される,wiki
死闘,を,演じる,wiki
注意,を,奪われる,wiki
ヒトミ,に,放り込まれる,wiki
手榴弾,を,放り込まれる,wiki
内部,から,破壊される,wiki
パリ,より,ある,wiki
北,に,ある,wiki
近く,に,ある,wiki
薄型,を,実現する,wiki
プロ,が,行う,wiki
格闘戦,を,行う,wiki
機能,が,備わる,wiki
d,に,搭乗する,wiki
ガーシム,を,着込む,wiki
時,に,軽減する,wiki
身体,に,掛かる,wiki
g,を,軽減する,wiki
刃物,を,通さない,wiki
素材,を,着込む,wiki
着想,が,繋がる,wiki
軽量化,に,繋がる,wiki
中,で,語る,wiki
等,が,指摘する,wiki
自身,が,掲げる,wiki
要求,に,従う,wiki
以下,に,見る,wiki
視点,に,立つ,wiki
理論,が,提唱される,wiki
立場,から,提唱される,wiki
動物,が,立てる,wiki
声,を,写す,wiki
物音,を,写す,wiki
心理,を,表す,wiki
語,を,称する,wiki
語,と,称する,wiki
繋がり,を,持つ,wiki
配置,を,手掛ける,wiki
遂行,を,目指す,wiki
采配,を,振らない,wiki
運び,が,相反する,wiki
行動,と,相反する,wiki
男,を,見失う,wiki
資格取得,を,目指す,wiki
外務省,より,認定される,wiki
試験,が,なる,wiki
必要,と,なる,wiki
次第,に,強める,wiki
度合い,を,強める,wiki
語,を,強調する,wiki
助詞,を,使う,wiki
文末,を,結ばない,wiki
已然形,で,結ばない,wiki
助詞,を,使わない,wiki
文末,が,結ばれる,wiki
連体形,で,結ばれる,wiki
次第,に,崩壊する,wiki
日,に,降伏する,wiki
日本,が,降伏する,wiki
オランダ,を,含む,wiki
連合国軍,に,降伏する,wiki
独立,が,なる,wiki
反故,に,なる,wiki
こと,を,恐れる,wiki
番地,で,発表する,wiki
宣言,を,発表する,wiki
皇紀,を,用いる,wiki
此れ,を,認めず,wiki
化,に,乗り出す,wiki
戦争,を,戦う,wiki
こと,を,される,wiki
独立,を,獲得する,wiki
独立,を,勝ち取る,wiki
搾取,を,排除する,wiki
独立,を,目指す,wiki
特撮,が,多用される,wiki
分類,で,呼ばれる,wiki
特撮,が,使われる,wiki
ドラマ,と,呼ばれる,wiki
全域,に,持つ,wiki
纏まり,を,持つ,wiki
全域,で,展開する,wiki
政治活動,を,展開する,wiki
影響力,を,保持する,wiki
部,から,増加する,wiki
移住,が,増加する,wiki
こと,に,伴う,wiki
移住,が,進む,wiki
割合,が,変化する,wiki
人,が,存在する,wiki
活動,を,行う,wiki
一因,と,結び付ける,wiki
鏡,を,使う,wiki
手術,を,する,wiki
目的,と,する,wiki
キャラ,が,使われる,wiki
駒,に,使われる,wiki
駒,を,動かす,wiki
駒,を,引き離す,wiki
電撃,で,引き離す,wiki
解放,で,活躍する,wiki
リング,に,切り裂く,wiki
辺り,から,切り裂く,wiki
リング,を,切り裂く,wiki
窓,を,破る,wiki
建造物,を,破壊する,wiki
パワー,を,宿す,wiki
力,を,宿す,wiki
先駆け,と,なる,wiki
場面,を,引用する,wiki
正美,が,作り上げる,wiki
年月,を,かける,wiki
物理学,に,使われる,wiki
混同,を,避ける,wiki
立場,を,取る,wiki
晩年,に,回顧する,wiki
時代,に,入り込む,wiki
理学,と,訳す,wiki
分野,を,作る,wiki
哲学,を,採用する,wiki
旨,を,述べる,wiki
コンヤ,を,結ぶ,wiki
バスラ,を,結ぶ,wiki
年,に,完備する,wiki
km,で,完備する,wiki
車両,が,導入される,wiki
美術館,に,収蔵される,wiki
美術品,が,収蔵される,wiki
毎,に,割り振られる,wiki
美術館,が,割り振られる,wiki
美術館,で,見る,wiki
はじめ,と,する,wiki
時,に,集める,wiki
点,を,越える,wiki
美術館,に,展示される,wiki
全域,を,コントロールする,wiki
領域,から,至る,wiki
機能,を,維持する,wiki
端末,が,設置される,wiki
要望,を,受け付ける,wiki
言葉,を,使う,wiki
他者,と,対話する,wiki
システム,を,担う,wiki
コンピューター,と,通信する,wiki
こと,を,指す,wiki
等,が,表現する,wiki
自意識,が,存在する,wiki
こと,に,言及される,wiki
描写,が,ある,wiki
運営,を,通す,wiki
繁栄,を,目指す,wiki
功罪,を,推し量る,wiki
結果,を,重視する,wiki
直前,に,議論される,wiki
議会,で,議論される,wiki
技術,を,転用する,wiki
人間,に,転用する,wiki
感情,を,制御する,wiki
社会,を,構築する,wiki
立場,を,奪う,wiki
バイオロイド,を,見なす,wiki
敵,と,見なす,wiki
阻止,に,動く,wiki
テロリスト,に,認める,wiki
情報,を,入力される,wiki
阻止,に,動く,wiki
ダメージ,を,負う,wiki
ガイア,が,なる,wiki
可決,が,描かれる,wiki
一方,で,受ける,wiki
指定,を,受ける,wiki
可決,と,平行する,wiki
島,を,分ける,wiki
つ,に,分ける,wiki
制度,を,廃止する,wiki
機構,を,踏襲する,wiki
長官,に,配置する,wiki
日本人,を,配置する,wiki
自治,を,認める,wiki
扱い,と,する,wiki
行政官,が,担う,wiki
人,が,担当する,wiki
同時,に,保有する,wiki
油田,を,保有する,wiki
地,に,ある,wiki
スカルノ,を,救出する,wiki
日本,に,協力させる,wiki
前面,に,立てる,wiki
心,を,抱く,wiki
前,に,受ける,wiki
態度,に,鑑みる,wiki
善意,に,期待できない,wiki
日本,に,賭ける,wiki
項,に,規定する,wiki
独立行政法人,を,言う,wiki
等,に,類する,wiki
一部,が,なる,wiki
型,と,なる,wiki
地下,に,沈む,wiki
チーズ,で,作る,wiki
こと,を,記す,wiki
張り紙,が,する,wiki
コンサート,が,開かれる,wiki
流れ,と,見る,wiki
そこ,に,含まれる,wiki
対象,と,する,wiki
学問,と,される,wiki
此れ,を,呼ぶ,wiki
哲学,と,呼ぶ,wiki
能力,を,用いる,wiki
原理,を,捉える,wiki
そこ,から,演繹する,wiki
法則,を,演繹する,wiki
演繹法,が,される,wiki
方法,と,される,wiki
ヒーロー,が,活躍する,wiki
作品,が,放映され始める,wiki
フィルム,で,撮影される,wiki
金額,で,製作される,wiki
主人公,を,引き継ぐ,wiki
進,から,引き継ぐ,wiki
体操,で,培う,wiki
アクション,を,披露する,wiki
後,に,製作される,wiki
ヒーロー,を,する,wiki
題材,と,する,wiki
作品,に,与える,wiki
影響,を,与える,wiki
パート,を,手掛ける,wiki
新緑,を,感じさせる,wiki
イラスト,を,描きおろす,wiki
伝統,を,引き継ぐ,wiki
ルール,に,のっとる,wiki
伝統,に,準拠する,wiki
対立,が,生まれる,wiki
パリ,を,する,wiki
モデル,に,する,wiki
町作り,が,為される,wiki
ラッツェル,が,唱える,wiki
条件,に,唱える,wiki
影響,を,受ける,wiki
後,に,呼ばれる,wiki
決定論,と,呼ばれる,wiki
活動,に,与える,wiki
可能性,を,与える,wiki
物,と,定義する,wiki
論,と,呼ばれる,wiki
地理学,が,整備される,wiki
解明,を,重視する,wiki
地誌学,に,残す,wiki
足跡,を,残す,wiki
各国,に,移入される,wiki
地理学,が,移入される,wiki
ラ変,に,分かれる,wiki
此れ,が,統合される,wiki
とも,に,統合される,wiki
種類,に,減る,wiki
段,に,統合される,wiki
中世,に,かける,wiki
時代,に,入る,wiki
近代,に,入る,wiki
イタリア語,が,使用される,wiki
楽譜,に,書き込む,wiki
イタリア語,が,守られる,wiki
時代,に,盛り込む,wiki
作曲家,が,盛り込む,wiki
楽譜,に,盛り込む,wiki
年,より,導入される,wiki
新制度,が,導入される,wiki
専攻,に,分かれる,wiki
年,を,修了する,wiki
大学,に,進学しない,wiki
専攻,に,分かれる,wiki
形,で,表す,wiki
ピアノ,を,意味する,wiki
グランドピアノ,を,意味する,wiki
アップライトピアノ,を,意味する,wiki
タバコ,を,吸う,wiki
頃,に,倒れる,wiki
病,に,倒れる,wiki
回復,に,願掛けする,wiki
シベリア,に,分割する,wiki
シベリア,を,統合する,wiki
エスキモー,と,統合する,wiki
物,と,する,wiki
其々,に,示す,wiki
例,を,示す,wiki
内政,が,行き詰まる,wiki
勃発,を,迎える,wiki
勢力範囲,に,分割占領される,wiki
帝国,が,侵攻する,wiki
タブリーズ,を,攻略される,wiki
工作員,が,暗躍する,wiki
戦乱,に,加える,wiki
死者,が,続出する,wiki
月,に,レーニン率いる,wiki
ボルシェビキ,が,握る,wiki
権力,を,握る,wiki
帝国,が,保持する,wiki
内,に,保持する,wiki
政策,を,打ち出す,wiki
此れ,に,抱く,wiki
危機感,を,抱く,wiki
支配,を,目指す,wiki
日,に,結ぶ,wiki
化,を,図る,wiki
協定,に,激怒する,wiki
意図,を,越える,wiki
立場,から,宣言される,wiki
日,に,発生する,wiki
月,に,撤退する,wiki
月,に,撤退する,wiki
赤軍,が,撤退する,wiki
イラン,から,撤退する,wiki
実権,を,握る,wiki
月,に,提出する,wiki
議会,に,提出する,wiki
月,に,即位する,wiki
自ら,が,即位する,wiki
パフラビー,に,即位する,wiki
朝,が,成立する,wiki
開催中,に,運用される,wiki
FM放送,が,運用される,wiki
音声,を,再送信する,wiki
MHz,で,再送信する,wiki
MHz,で,送信する,wiki
千秋楽,を,終了する,wiki
最後,に,終了する,wiki
要所,で,務める,wiki
キャラ,が,務める,wiki
進行役,を,務める,wiki
子供達,に,知らしめる,wiki
キャラ,を,知らしめる,wiki
役割,を,担う,wiki
達,が,交換する,wiki
小規模,に,販売する,wiki
人格権,を,保障する,wiki
スィーヴァンド,で,話される,wiki
イラン,に,位置する,wiki
言語,に,属する,wiki
島,を,成す,wiki
台東区,に,跨がる,wiki
間,に,ある,wiki
うち,に,ある,wiki
状態,を,保存する,wiki
区間,が,ある,wiki
直後,に,強制セーブされる,wiki
ルール,が,ある,wiki
其れ,を,破る,wiki
データ,を,削除する,wiki
ゲーム,が,進行する,wiki
データ,が,削除される,wiki
実際,に,セーブ,wiki
データ,が,削除される,wiki
ルート,が,存在せず,wiki
以降,で,現れる,wiki
分岐,が,現れる,wiki
出来事,が,絡む,wiki
フラグ,を,揃える,wiki
オリンピック,で,獲得する,wiki
メダル,を,獲得する,wiki
こと,から,分かる,wiki
気候,と,山,wiki
地形,を,利用する,wiki
ウインタースポーツ,が,行われる,wiki
人気,を,誇る,wiki
オリンピック,で,獲得する,wiki
メダル,を,獲得する,wiki
種目,を,制覇する,wiki
選手,が,制覇する,wiki
スキー,を,組み合わせる,wiki
本部,を,置く,wiki
ザルツブルク,に,置く,wiki
頃,から,始める,wiki
練習,を,始める,wiki
音楽家,と,比べる,wiki
半球,を,結ぶ,wiki
部位,で,処理する,wiki
こと,が,関係する,wiki
可能性,が,ある,wiki
構築,が,試みられる,wiki
現実世界,に,対応し得る,wiki
性能,を,持つ,wiki
解決,が,なる,wiki
壁,と,なる,wiki
ブーム,で,登場する,wiki
ブーム,で,登場する,wiki
パラダイム,に,基づく,wiki
現実世界,と,比する,wiki
影響力,を,持つ,wiki
AI,が,登場する,wiki
等,が,議論される,wiki
ルーム,が,ある,wiki
支配,を,挟む,wiki
統治,を,行う,wiki
年,に,即位する,wiki
時代,に,始められる,wiki
政策,を,取る,wiki
君主,と,なる,wiki
年,に,停止される,wiki
チュニジア,と,表記される,wiki
此れ,を,終結させる,wiki
人々,が,判断する,wiki
こと,を,規制する,wiki
利害,を,調整する,wiki
元,に,形成される,wiki
秩序,が,形成される,wiki
徐々,に,形成される,wiki
正当性,が,もたらされる,wiki
無政府状態,から,安定化する,wiki
権力,が,支配する,wiki
国家,が,作られる,wiki
社会,が,作られる,wiki
国外,で,代表される,wiki
サブカルチャー,を,感じる,wiki
若者,が,増える,wiki
日本語,に,触れる,wiki
機会,が,増える,wiki
wordtips,が,する,wiki
各国,で,する,wiki
学習,を,する,wiki
言語,が,ある,wiki
人気,が,ある,wiki
プランナー,を,利用する,wiki
日本語,が,学びたい,wiki
言語,に,選ばれる,wiki
教育,が,優先する,wiki
こと,が,分かる,wiki
学習,を,始める,wiki
最初,に,語る,wiki
絵,を,見る,wiki
語,で,合わせる,wiki
絵,に,合わせる,wiki
物語,を,語る,wiki
言語学,に,見られる,wiki
必要,が,ある,wiki
機構,を,改善する,wiki
言語,が,表現出来る,wiki
こと,を,表す,wiki
こと,を,する,wiki
目的,と,する,wiki
王女,を,除く,wiki
教育,を,受ける,wiki
読み書き,が,出来る,wiki
家庭,に,ある,wiki
必要,と,する,wiki
技術,を,習得する,wiki
領,を,離れる,wiki
マリー,と,結婚する,wiki
大半,を,獲得する,wiki
フアナ,と,結婚する,wiki
フアナ,が,なる,wiki
後,に,なる,wiki
継承者,と,なる,wiki
スペイン,を,得る,wiki
新世界,を,する,wiki
物,と,する,wiki
対称性,を,持つ,wiki
対称性,を,持つ,wiki
液晶,に,加える,wiki
液晶,を,加える,wiki
分類,が,用いられる,wiki
液晶,に,含まれる,wiki
年,に,公表する,wiki
勧告,を,公表する,wiki
其れ,に,準ずる,wiki
日本,へ,渡航する,wiki
国歌,を,高唱する,wiki
元,を,正す,wiki
ハイドン,が,作曲する,wiki
世,を,称える,wiki
フランツ,を,神,wiki
歌詞,を,替える,wiki
国歌,と,なる,wiki
維持,を,祈願する,wiki
曲,が,作られる,wiki
戦い,に,敗戦する,wiki
地域,を,含める,wiki
ルーツ,を,持つ,wiki
議員,を,つとめる,wiki
選出,で,つとめる,wiki
観光客,が,見る,wiki
達,を,見る,wiki
目,で,見る,wiki
ドイツ,を,連呼する,wiki
マラン,に,ある,wiki
図書館,が,ある,wiki
文書,が,保管される,wiki
設備,を,用意する,wiki
双方,が,用意される,wiki
場所,で,行なわれる,wiki
写本,が,作られる,wiki
著作権,が,消滅する,wiki
映画,を,販売する,wiki
事例,が,ある,wiki
者,に,支払う,wiki
ライセンス料,を,支払う,wiki
著作権,が,存続する,wiki
ソフト,と,比較する,wiki
程度,に,抑えられる,wiki
プラトン,が,描く,wiki
漫画,を,愛読する,wiki
頃,から,描く,wiki
漫画,を,描く,wiki
投稿,を,始める,wiki
大会,で,出場する,wiki
期,を,経る,wiki
大会,から,復帰する,wiki
出場,を,果たす,wiki
個,を,含む,wiki
メダル,を,獲得する,wiki
個,を,占める,wiki
レスリング,が,占める,wiki
中国,から,購入する,wiki
西側,に,準ずる,wiki
医学,と,される,wiki
世紀,に,入る,wiki
流れ,が,生まれ始める,wiki
ベサリウス,が,著す,wiki
年,に,著す,wiki
誤り,を,修正する,wiki
化学,を,確立する,wiki
跡,を,整備する,wiki
劇場,を,併設する,wiki
市,が,開かれる,wiki
ジャンル,を,問わず,wiki
見応え,が,ある,wiki
出身地,から,取る,wiki
自治区,を,指す,wiki
影響,を,取り入れる,wiki
半島,に,進出する,wiki
アジア,から,経る,wiki
イラン,を,経る,wiki
末裔,が,住む,wiki
アジア,と,共通する,wiki
用語,が,使われる,wiki
音楽,を,主導する,wiki
%,に,到達する,wiki
発表,で,存在する,wiki
キャンペーン,を,展開する,wiki
解消,に,努める,wiki
事情,に,加える,wiki
イスラム,を,奉ずる,wiki
学校,に,通わせる,wiki
親,が,存在する,wiki
佳織,を,輩出する,wiki
月,に,就任する,wiki
日,に,発表する,wiki
解任,を,発表する,wiki
為,に,設立される,wiki
後,に,設立される,wiki
評議会,を,解散させる,wiki
評議会,を,置く,wiki
権,を,得る,wiki
一日,に,腐敗する,wiki
人,を,腐敗する,wiki
テロリスト,を,擁護する,wiki
理由,で,解任する,wiki
憲法,に,代える,wiki
権限,を,強化する,wiki
案,を,発表する,wiki
世俗派,を,含める,wiki
運動,が,展開される,wiki
強,に,留まる,wiki
維持,を,注視する,wiki
こと,を,表明する,wiki
全て,で,就任する,wiki
ブデン,が,就任する,wiki
項,で,指摘される,wiki
都市圏,に,取り込まれる,wiki
地形,に,適合する,wiki
内外,を,問わず,wiki
枠,を,越える,wiki
纏め役,と,なる,wiki
機構,が,存在しない,wiki
地域圏,と,なる,wiki
パーセント,に,残る,wiki
部,が,残る,wiki
連携,に,適う,wiki
現状,が,ある,wiki
ラーガ,に,基づく,wiki
オクターブ,を,不均等分割する,wiki
音,に,不均等分割する,wiki
音律,から,選び出す,wiki
音,を,選び出す,wiki
音階,に,する,wiki
音,を,含む,wiki
旋律,を,演奏する,wiki
ターラ,に,基づく,wiki
ターラ,が,使われ続ける,wiki
話,を,わかり易い,wiki
事柄,に,置き換える,wiki
医術,を,教える,wiki
何,を,教える,wiki
此れ,が,考える,wiki
独裁,と,批判される,wiki
発展,を,達成する,wiki
こと,に,成功する,wiki
事業団,を,通じる,wiki
プロジェクト,に,参加する,wiki
支援,に,加える,wiki
ヒット,と,される,wiki
整備,に,直結する,wiki
総局,を,する,wiki
対象,と,する,wiki
調停,を,担う,wiki
研修,を,支援する,wiki
こと,を,自虐する,wiki
自体,を,破る,wiki
此れ,を,表現する,wiki
形,を,する,wiki
モニュメント,を,背負う,wiki
自画像,で,表現する,wiki
影響,が,指摘される,wiki
 ,が,存在する,wiki
 ,に,相当する,wiki
群,から,構成される,wiki
他,に,習得する,wiki
人,が,習得する,wiki
スペイン語,を,習得する,wiki
物,を,含める,wiki
話者,が,いる,wiki
人口,を,抱える,wiki
人,に,在住する,wiki
人,が,在住する,wiki
メキシコ,に,在住する,wiki
スペイン,が,いる,wiki
話者,が,いる,wiki
センター,が,出す,wiki
報告,で,出す,wiki
推定,を,出す,wiki
メキシコ,に,次ぐ,wiki
等,を,含める,wiki
話者,に,占める,wiki
人,に,なる,wiki
一人,と,なる,wiki
サドル,が,率いる,wiki
哲学,を,展開する,wiki
相手,が,作り出す,wiki
知識,を,作り出す,wiki
こと,を,助ける,wiki
行き詰まり,を,自覚させる,wiki
自身,で,発見させる,wiki
真理,を,発見させる,wiki
無知,を,晒させる,wiki
意図,を,隠す,wiki
情勢,が,安定する,wiki
日本軍,が,合わせる,wiki
前線,が,移動する,wiki
任務,を,任される,wiki
一家,で,灤平,wiki
時期,に,生まれる,wiki
雑誌,を,活動中,wiki
中心,に,活動中,wiki
年,を,迎える,wiki
連載,を,再開する,wiki
振り,に,再開する,wiki
編,を,収録する,wiki
巻,が,発売される,wiki
月,に,発売される,wiki
編,を,掲載する,wiki
振り,に,掲載する,wiki
誌上,で,連載する,wiki
総体,を,言う,wiki
諸国,で,用いられる,wiki
諸国,で,用いられる,wiki
下,に,おく,wiki
年,に,創設される,wiki
側面,を,解明する,wiki
社会学,が,興隆する,wiki
影響力,を,及ぼす,wiki
学派,と,呼ばれる,wiki
グループ,を,形成する,wiki
科学,が,分化独立する,wiki
学問,と,される,wiki
美術部,に,入る,wiki
代,に,かける,wiki
進展,が,見られる,wiki
データ,が,得られる,wiki
議論,が,なる,wiki
モデル,に,基づく,wiki
観測,と,合致する,wiki
膨張,を,引き起こす,wiki
謎,と,なる,wiki
プロジェクト,が,進行する,wiki
影響,を,受ける,wiki
哲学,を,展開する,wiki
歴史,を,持つ,wiki
祐実,が,在学する,wiki
言語学,で,言う,wiki
規則,に,類似する,wiki
意味論,に,類似する,wiki
文書,で,示される,wiki
徒,に,占める,wiki
過半数,を,占める,wiki
派,と,分裂する,wiki
アリー,を,選ぶ,wiki
再臨,を,信じる,wiki
聖地,と,一致する,wiki
中立,を,維持する,wiki
年,に,なる,wiki
勝利,が,なる,wiki
日,に,宣戦布告する,wiki
ソ連,に,接する,wiki
世界,に,迎えられる,wiki
内,で,起こる,wiki
戦争,が,起こる,wiki
先,と,なる,wiki
準備,を,減らす,wiki
此れ,を,補う,wiki
輸出,で,補う,wiki
収穫量,を,伸ばす,wiki
ソ連,が,増産する,wiki
年,から,増産する,wiki
年,に,暴落する,wiki
準備,を,確保する,wiki
サッカー,が,なる,wiki
スポーツ,と,なる,wiki
年,に,創設される,wiki
プロリーグ,が,創設される,wiki
敗退,と,なる,wiki
代表,に,次ぐ,wiki
優勝,を,飾る,wiki
異名,を,持つ,wiki
年,に,かける,wiki
マッチ,に,出場する,wiki
ロナウド,に,次ぐ,wiki
得点,を,上げる,wiki
dcg,を,変換する,wiki
画風,に,変換する,wiki
動き,を,する,wiki
技術,を,融合させる,wiki
手法,を,示す,wiki
アニメーション,と,比べる,wiki
動き,が,表現出来る,wiki
公開,を,待つ,wiki
制作,が,発表される,wiki
出発点,を,定める,wiki
出発点,と,なる,wiki
日付け,が,異なる,wiki
科,を,除く,wiki
一日,を,定める,wiki
出発点,と,定める,wiki
類,を,含む,wiki
1,に,基づく,wiki
一日,を,出発点,wiki
日,が,される,wiki
出発点,と,される,wiki
日,が,される,wiki
出発点,と,される,wiki
以前,に,発表される,wiki
チュニス,で,建設される,wiki
集合住宅,に,加える,wiki
スポーツ施設,から,なる,wiki
利益,を,見込む,wiki
湾,に,ある,wiki
北アフリカ,で,なる,wiki
センター,に,なる,wiki
ハブ,を,作成する,wiki
アジア,から,乗る,wiki
船,に,乗る,wiki
人類,が,広がる,wiki
人,が,住み始める,wiki
影響,を,受け続ける,wiki
歴史,が,ある,wiki
影響,が,見られる,wiki
文化,を,見直す,wiki
音,を,出す,wiki
リズム,を,取る,wiki
地域,で,見られる,wiki
ノード,が,脱退する,wiki
ストリーム,が,途切れる,wiki
内部,に,持つ,wiki
バッファー,を,持つ,wiki
再生,が,途絶えない,wiki
ノード,を,捜し出す,wiki
接続,を,行う,wiki
時間,が,掛かる,wiki
ノード,を,用意する,wiki
創意工夫,が,考案される,wiki
オーストラリア,と,間違えられる,wiki
共,に,由来する,wiki
相手,が,意識出来る,wiki
計算,を,する,wiki
シングルプレーヤー,と,される,wiki
思考,と,する,wiki
必要,と,する,wiki
制約,を,定める,wiki
アクター,に,分裂する,wiki
ゲーム,を,する,wiki
漫画,を,する,wiki
原作,と,する,wiki
水,に,溶ける,wiki
機能,を,観察する,wiki
議論,が,ある,wiki
基盤,と,なる,wiki
赤塚,が,プロデュースする,wiki
赤塚,を,フィーチャーする,wiki
物,が,ある,wiki
説明,を,試みる,wiki
データ,を,統合する,wiki
アプローチ,に,置かれる,wiki
重点,が,置かれる,wiki
実験,を,行う,wiki
前,に,立てる,wiki
仮説,を,立てる,wiki
結果,を,予想する,wiki
結果,を,解釈する,wiki
性,を,見出だす,wiki
面,に,置く,wiki
重点,を,置く,wiki
分野,を,用いる,wiki
モデル,を,用いる,wiki
性質,が,ある,wiki
ハート,に,つける,wiki
火,を,つける,wiki
漫画,を,読む,wiki
こと,を,禁じられる,wiki
等,で,する,wiki
畏怖,を,感じさせる,wiki
普段,から,住む,wiki
現地,に,住む,wiki
こと,に,努める,wiki
物資,を,分ける,wiki
達,に,分ける,wiki
中国人,を,蔑視しない,wiki
村人,から,密告される,wiki
奉天,で,惨殺される,wiki
隣,に,住む,wiki
中国人,に,惨殺される,wiki
中,で,する,wiki
普段,から,する,wiki
中国人,と,する,wiki
難,を,逃れる,wiki
表現,と,出来る,wiki
状態,を,観察する,wiki
物,と,言う,wiki
状態,を,表す,wiki
事物,が,受ける,wiki
人,から,受ける,wiki
働き掛け,を,受ける,wiki
こと,を,表す,wiki
交代,を,行う,wiki
生活環,を,持つ,wiki
配偶体,が,優占する,wiki
此れ,に,寄生する,wiki
論文,を,出版する,wiki
イタリア語,で,出版する,wiki
分野,を,する,wiki
対象,と,する,wiki
研究,を,行う,wiki
等,を,含める,wiki
空軍,で,組織される,wiki
省,に,所属する,wiki
箇月,を,選択出来る,wiki
国外,に,連続する,wiki
支払い,で,なる,wiki
免除,に,なる,wiki
役,と,なる,wiki
金銭,を,納める,wiki
こと,で,なる,wiki
兵役,を,なる,wiki
下,に,入る,wiki
こと,と,される,wiki
平時,から,行う,wiki
共同,で,行う,wiki
帝国,が,生まれる,wiki
後,に,生まれる,wiki
ハトラ,を,建設する,wiki
朝,が,衰弱する,wiki
拠点,と,なる,wiki
帝国,に,服する,wiki
王国,が,拡大する,wiki
版図,を,拡大する,wiki
年,に,破壊される,wiki
ペルシャ,を,名乗る,wiki
嵐,を,呼ぶ,wiki
エジプト,と,表記する,wiki
モンマルトル,が,編入される,wiki
パリ,に,編入される,wiki
絵書き,が,並ぶ,wiki
名所,と,なる,wiki
斜線,で,区切る,wiki
特殊性,を,論じる,wiki
特殊性,を,論する,wiki
文化圏,を,俯瞰する,wiki
視点,に,立つ,wiki
主張,が,見られる,wiki
方法,を,好む,wiki
時,に,使われる,wiki
法,が,使われる,wiki
事実,と,認識する,wiki
接続法,が,使われる,wiki
分野,に,秀でる,wiki
世,が,与える,wiki
年,と,される,wiki
人々,に,記憶される,wiki
教育,が,行われる,wiki
学部,を,構成する,wiki
年,を,する,wiki
起源,と,する,wiki
中心,と,する,wiki
カルチエ・ラタン,に,発展する,wiki
パリ大学,を,含む,wiki
思考,を,用いる,wiki
名,を,付する,wiki
性質,を,論じる,wiki
月,に,向かう,wiki
像,が,置かれる,wiki
地区,に,位置する,wiki
此処,が,なる,wiki
起点,と,なる,wiki
声明,を,発表する,wiki
方,が,おられる,wiki
事,に,つく,wiki
件,に,つく,wiki
様,へ,おかけ致す,wiki
心配,を,おかけ致す,wiki
事例,を,受け止める,wiki
組織,を,立ち上げる,wiki
時,に,援助する,wiki
方,を,援助する,wiki
対応,を,図る,wiki
プロテクター,を,する,wiki
題材,と,する,wiki
赤塚,が,なる,wiki
歳,に,なる,wiki
父親,が,帰国する,wiki
舞鶴港,に,帰国する,wiki
権威,を,失う,wiki
動作,が,のろくなる,wiki
食欲,が,なる,wiki
台所,を,荒らす,wiki
人物,に,なる,wiki
母親,を,除く,wiki
職,を,得る,wiki
近く,に,ある,wiki
寺,に,する,wiki
円,で,する,wiki
納屋,を,する,wiki
間借り,を,する,wiki
生活,を,始める,wiki
外地,から,戻る,wiki
部,を,囲む,wiki
此れ,が,なる,wiki
境界,と,なる,wiki
区間,を,除く,wiki
作,と,なる,wiki
作品,と,比較する,wiki
世界中,で,博する,wiki
人気,を,博する,wiki
支持者,が,いる,wiki
社会,が,受ける,wiki
影響,を,受ける,wiki
パピルス,が,代わる,wiki
粘土板,に,代わる,wiki
記録,に,用いられる,wiki
こと,で,なる,wiki
東京都豊島区,に,所在する,wiki
雑誌,に,持つ,wiki
連載,を,持つ,wiki
多く,を,する,wiki
住人,に,する,wiki
日本,を,代表する,wiki
拠点,に,なる,wiki
音楽,を,除く,wiki
社会,が,伝承する,wiki
口頭,で,伝承する,wiki
言葉,を,使う,wiki
音楽,を,含む,wiki
社会,が,持たない,wiki
階級,を,持たない,wiki
階級,が,ある,wiki
ジャンル,が,分かれる,wiki
自体,を,使わない,wiki
知識人,から,構成される,wiki
年,に,招集される,wiki
承認,を,受けない,wiki
指導者,を,選出する,wiki
権限,を,持つ,wiki
会議,が,呈示する,wiki
疑問,を,呈示する,wiki
常,に,使用される,wiki
共,に,使用される,wiki
漫画,に,叫ぶ,wiki
愛,を,叫ぶ,wiki
節,に,譲る,wiki
音,で,発音される,wiki
こと,を,する,wiki
目的,と,する,wiki
基礎,が,生じる,wiki
知識,から,生じる,wiki
例,を,上げる,wiki
仮説,を,唱える,wiki
仮説,を,提起する,wiki
言語,を,構想する,wiki
ハードル,が,下がる,wiki
次第,に,下がる,wiki
媒体,が,使われる,wiki
物,から,上げる,wiki
歴史,が,ある,wiki
時代,に,なる,wiki
音響,を,兼ねる,wiki
後半,に,登場する,wiki
頃,から,普及する,wiki
家庭,に,普及する,wiki
技術,を,利用する,wiki
媒体,を,持たず,wiki
配信,を,利用する,wiki
面,を,研究する,wiki
対象,を,共有する,wiki
美術館,が,登録される,wiki
遺産,に,登録される,wiki
民族音楽,に,共通する,wiki
研究,で,上げる,wiki
成果,を,上げる,wiki
類,に,分類する,wiki
今日,で,言う副詞,wiki
中心,に,論じる,wiki
助動詞,を,系統立てる,wiki
用法,を,論じる,wiki
創見,に,満ちる,wiki
引き合い,に,出される,wiki
冒頭,に,記される,wiki
活用,を,整理する,wiki
研究,に,資する,wiki
投票者,が,選択する,wiki
名,を,選択する,wiki
定員,が,ある,wiki
結果,に,なる,wiki
偏り,が,おこり易い,wiki
投票,が,集中する,wiki
有名人,に,集中する,wiki
票,を,獲得できず,wiki
ラウンド,へ,持ち込まれる,wiki
選挙,に,なる,wiki
楽譜,に,合わせる,wiki
動作,を,行う,wiki
競技,で,出場する,wiki
鉄道,が,結ぶ,wiki
全土,を,結ぶ,wiki
片方,が,ある,wiki
どれ,を,言語組み込み,wiki
どれ,を,する,wiki
殆ど,を,任せる,wiki
ギター,を,好む,wiki
踊り,を,伴う,wiki
音楽,が,なる,wiki
楽器,を,使用する,wiki
こと,が,なるメキシコアルゼンチン,wiki
哀愁,を,帯びる,wiki
曲調,に,なる,wiki
レインスブルフ,に,いる,wiki
間,に,口述,wiki
部,を,或る,wiki
学生,に,口述,wiki
年,に,結ぶ,wiki
親交,を,結ぶ,wiki
執筆,に,繋がる,wiki
匿名,で,偽る,wiki
解釈,を,する,wiki
目的,と,する,wiki
年,に,虐殺される,wiki
ウイット,が,虐殺される,wiki
動揺,を,示す,wiki
パリ,を,代表する,wiki
観光客,が,集中する,wiki
ケムコブランド,を,含める,wiki
部,を,除く,wiki
ラシュト,に,代表される,wiki
気候,に,属する,wiki
度,を,上回る,wiki
西部,で,なる,wiki
以上,と,なる,wiki
気候,に,属する,wiki
近く,に,なる,wiki
亜寒帯,に,属する,wiki
豪雪,と,なる,wiki
季節,と,なる,wiki
m,に,位置する,wiki
度,に,達する,wiki
mm,に,満たず,wiki
砂漠,が,広がる,wiki
気候,と,なる,wiki
地帯,と,なる,wiki
酷暑,と,なる,wiki
団体,が,持つ,wiki
名義,を,持つ,wiki
以内,に,公表されない,wiki
年,を,経過する,wiki
死亡,を,認定できない,wiki
起算,を,適用する,wiki
先住民,が,全滅する,wiki
黒人,が,輸入される,wiki
パターン,を,繰り返す,wiki
哲学,を,学ぶ,wiki
上,で,属する,wiki
ヒロイン,に,見られる,wiki
説明,に,使われる,wiki
こと,が,ある,wiki
表,と,比べる,wiki
部分,が,ある,wiki
時代,に,遡る,wiki
体系,を,反映する,wiki
エジプト,を,支配する,wiki
世,が,再統一する,wiki
ヒクソス,を,放逐する,wiki
エジプト,を,再統一する,wiki
時代,が,始まる,wiki
画期,が,ある,wiki
王朝,と,呼ばれる,wiki
ヒクソス,を,追う,wiki
王朝,を,滅ぼす,wiki
此れ,が,なる,wiki
嚆矢,と,なる,wiki
流域,を,越える,wiki
帝国,を,建設する,wiki
前,と,おかれる,wiki
テーベ,に,おかれる,wiki
年,に,制定される,wiki
法学者,に,賦与される,wiki
原則,に,反しない,wiki
分立,が,規定される,wiki
大統領,に,ある,wiki
指導者,が,掌握する,wiki
権,を,掌握する,wiki
此れ,に,劣る,wiki
こと,が,要求される,wiki
政府,が,行う,wiki
逮捕,を,行う,wiki
虐待,が,行われる,wiki
こと,を,報告する,wiki
位,と,分類される,wiki
順位,で,分類される,wiki
つ,に,分類される,wiki
教育,を,実行する,wiki
全般,へ,実行する,wiki
弱体化,を,防ぐ,wiki
哲学,から,追放される,wiki
相互,に,影響しあう,wiki
関連,が,ある,wiki
技術,を,共有する,wiki
年,に,規定する,wiki
期間,を,規定する,wiki
年,に,短縮する,wiki
年,に,短縮する,wiki
指令,に,基づく,wiki
年,に,再延長する,wiki
年,に,再延長する,wiki
短縮,に,伴う,wiki
時,に,生存する,wiki
著作者,が,公表する,wiki
期間,が,適用される,wiki
規定,が,維持される,wiki
感情,を,増幅させる,wiki
働き,が,ある,wiki
見せ場,に,挟む,wiki
音楽,を,挟む,wiki
涙,を,誘う,wiki
最中,に,挟む,wiki
音楽,を,挟む,wiki
感,を,煽る,wiki
楽器,が,痛む,wiki
理由,から,嫌悪する,wiki
奏法,を,嫌悪する,wiki
楽器,に,つけ易い,wiki
傷,を,つけ易い,wiki
汗,が,付く,wiki
弦,に,付く,wiki
こと,を,考慮する,wiki
宮,に,向かう,wiki
王国,が,断絶する,wiki
年,に,推挙される,wiki
カペー,が,推挙される,wiki
王,に,推挙される,wiki
首都,と,なる,wiki
強化,に,従う,wiki
宮,が,建築される,wiki
パリ,を,囲む,wiki
西,に,設けられる,wiki
頃,から,発達する,wiki
学校,が,発達する,wiki
パリ大学,に,繋がる,wiki
右岸,に,作られる,wiki
原型,が,定まる,wiki
薬指,を,曲げる,wiki
小指,を,伸ばす,wiki
ポーズ,が,出る,wiki
キャラクター,が,ぶん殴られる,wiki
こと,で,用いる,wiki
＂,を,意味する,wiki
後,から,知る,wiki
中学校,に,なる,wiki
区,に,ある,wiki
種類,に,関係する,wiki
形式,を,取る,wiki
面,に,リンクする,wiki
議論,を,生成する,wiki
行動,に,注目する,wiki
バハーイー,を,除く,wiki
条,に,従う,wiki
議会,に,確保される,wiki
議席,を,確保される,wiki
迫害,を,受ける,wiki
者,が,改宗する,wiki
宗教,に,改宗する,wiki
死刑,と,なる,wiki
活躍,を,経る,wiki
人々,が,織り成す,wiki
要素,を,交える,wiki
人気,を,確立する,wiki
連載,と,なる,wiki
栄誉,に,輝く,wiki
代表作,と,なる,wiki
転機,を,齎す,wiki
モーラ,が,終わる,wiki
母音,で,終わる,wiki
母音,が,含まれない,wiki
暴力,を,擁護する,wiki
教養,を,付ける,wiki
身,に,付ける,wiki
音楽,に,感動する,wiki
こと,で,なる,wiki
存在,に,なる,wiki
暴力,を,認める,wiki
頃,に,退位する,wiki
ハトシェプスト,が,退位する,wiki
実権,を,握る,wiki
遠征,を,行う,wiki
戦い,で,収める,wiki
勝利,を,収める,wiki
国威,を,回復させる,wiki
期,を,迎える,wiki
アメン,を,奉ずる,wiki
伸長,が,なる,wiki
王家,と,衝突する,wiki
徐々,に,衝突する,wiki
物,が,周知される,wiki
中心,に,周知される,wiki
焦点,が,当てられる,wiki
現状,が,ある,wiki
心,が,擦れ違う,wiki
距離感,を,保つ,wiki
要素,が,ある,wiki
母音,と,なる,wiki
子音,を,表す,wiki
原作,と,なる,wiki
作品,が,ある,wiki
時代,を,迎える,wiki
混乱,を,収拾する,wiki
権力,を,掌握する,wiki
帝国,が,派遣する,wiki
エジプト,に,遣る,wiki
総督,に,就任する,wiki
マムルーク,を,打倒する,wiki
化,を,打ち立てる,wiki
近代化,を,進める,wiki
エジプト,を,独立させる,wiki
帝国,から,独立させる,wiki
こと,に,成功する,wiki
政権,を,打ち立てる,wiki
世界,に,広げる,wiki
勢力,を,広げる,wiki
独立,を,認めず,wiki
列強,に,従属させる,wiki
辞,に,用いる,wiki
東,で,用いる,wiki
西,で,用いる,wiki
東,で,用いる,wiki
西,で,用いる,wiki
ウ音便,に,なる,wiki
形,を,用いる,wiki
形,を,用いる,wiki
pathways,を,使う,wiki
palm,を,完成させる,wiki
解説,を,行う,wiki
問題,を,解く,wiki
弱,に,する,wiki
内容,を,説明出来る,wiki
文章,で,説明出来る,wiki
pathways,を,する,wiki
ベース,に,する,wiki
問題,を,解ける,wiki
pathways,を,する,wiki
ベース,に,する,wiki
モデル,を,連携する,wiki
parti,を,発表する,wiki
時代,に,出会う,wiki
書店,で,出会う,wiki
こと,から,入る,wiki
道,に,入る,wiki
視力,が,言う,wiki
物,を,言う,wiki
パターン,が,決まる,wiki
暗記,が,求められる,wiki
傾向,が,ある,wiki
近く,に,ある,wiki
駅,から,出る,wiki
物,と,合流する,wiki
神体,を,祭る,wiki
様,を,引き上げる,wiki
兄弟,と,祀り為さる,wiki
其れ,を,祀り為さる,wiki
僧侶,を,祭る,wiki
境内,を,持つ,wiki
祭,と,される,wiki
テレビ局,が,訪れる,wiki
取材,に,訪れる,wiki
道具,を,用いる,wiki
行動,を,代わる,wiki
人間,に,代わる,wiki
コンピューター,に,行わせる,wiki
大学,で,行われる,wiki
組織,で,行われる,wiki
科学,を,応用する,wiki
生産,に,応用する,wiki
サラ,が,おる,wiki
リーグ,で,獲得する,wiki
賞,を,獲得する,wiki
制覇,を,成し遂げる,wiki
活躍,から,誇る,wiki
人気,を,誇る,wiki
年,に,行われる,wiki
位,と,なる,wiki
議論,が,有る,wiki
異論,が,ある,wiki
鍛練,に,勤める,wiki
言語,が,使われる,wiki
計算,で,使われる,wiki
オペレーティングシステム,で,使われる,wiki
影響,を,及ぼす,wiki
様式,に,分かれる,wiki
此れ,に,続く,wiki
イスラム教,が,ある,wiki
無神論,を,標榜する,wiki
中心,に,ある,wiki
傾向,に,ある,wiki
宗教,を,表明する,wiki
綴り,に,なる,wiki
傾向,が,ある,wiki
支援,を,行う,wiki
国交,を,断絶する,wiki
軍,に,派遣する,wiki
部隊,を,派遣する,wiki
派,を,放逐する,wiki
関係,が,続く,wiki
年,に,なる,wiki
アサド,が,なる,wiki
大統領,に,なる,wiki
距離,を,おく,wiki
関係,に,なる,wiki
観点,から,続けられる,wiki
研究,が,続けられる,wiki
代,に,なる,wiki
液晶,を,用いる,wiki
研究,が,始まる,wiki
研究,が,開花する,wiki
一気,に,開花する,wiki
プログラム,が,搭載される,wiki
制約,に,合う,wiki
言語,が,ある,wiki
羊,を,する,wiki
家畜,と,する,wiki
北部,に,集中する,wiki
農業,に,占める,wiki
高,を,見る,wiki
目,を,引く,wiki
気候,を,生かす,wiki
南部,で,生産される,wiki
大学,が,集中する,wiki
ラテン語,を,話す,wiki
学生,が,集まる,wiki
エジプト文明,と,並ぶ,wiki
交差点,に,被る,wiki
侵入,を,被る,wiki
民族,が,代わる,wiki
位置,に,ある,wiki
社会,が,成立する,wiki
城壁,を,廻らせる,wiki
矢,を,好む,wiki
解釈,が,あり得る,wiki
合流,が,起きる,wiki
形,で,関係する,wiki
分野,と,関係する,wiki
面,で,与える,wiki
生物学,に,与える,wiki
影響,を,与える,wiki
先,に,発展する,wiki
化学,が,挙げられる,wiki
分野,と,言う,wiki
発生学,と,関連する,wiki
誕生,に,寄与する,wiki
過程,で,醸成する,wiki
統計学,を,醸成する,wiki
生物学,に,与える,wiki
影響,を,与える,wiki
手法,が,用いられる,wiki
響き,を,作り出す,wiki
導入,が,あげられる,wiki
上,に,設置する,wiki
張力,を,支える,wiki
フレーム,が,獲得する,wiki
次第,に,一体化する,wiki
構造,を,獲得する,wiki
張力,が,張る,wiki
弦,を,張る,wiki
こと,が,なる,wiki
本数,を,増やす,wiki
年,に,取得される,wiki
特許,が,取得される,wiki
社,が,代わる,wiki
ハーヴェ,に,代わる,wiki
後,に,チッカリング,wiki
社,で,働く,wiki
年,に,特許取得する,wiki
フレーム,を,特許取得する,wiki
フレーム,を,好む,wiki
フレーム,が,なる,wiki
標準,と,なる,wiki
乱,が,起こる,wiki
勢力,が,打倒される,wiki
確立,が,促される,wiki
年,に,移す,wiki
居城,を,ベルサイユ,wiki
建設事業,を,行う,wiki
パリ,を,好まず,wiki
執政,を,行う,wiki
こと,を,好む,wiki
市域,を,越える,wiki
棟,に,達する,wiki
ベルサイユ,に,移る,wiki
立場,から,説明される,wiki
ヨーロッパ,を,する,wiki
中心,と,する,wiki
著作者,に,与える,wiki
利益,が,分配される,wiki
こと,を,促す,wiki
インセンティブ,を,高める,wiki
こと,を,存在する,wiki
理由,と,する,wiki
アメリカ合衆国,を,する,wiki
中心,と,する,wiki
圏,に,由来する,wiki
幕府,が,成立する,wiki
方言,が,ある,wiki
地位,に,ある,wiki
朝廷,から,なされる,wiki
家,へ,なされる,wiki
宣下,が,なされる,wiki
文化,が,開花する,wiki
地位,が,高まる,wiki
語,が,見なされる,wiki
標準語,と,見なされる,wiki
無生物,と,区別される,wiki
物,と,なる,wiki
振り,に,新装される,wiki
照明,が,変更される,wiki
LED,に,変更される,wiki
表示,が,変更される,wiki
体,から,変更される,wiki
字,に,変更される,wiki
種類,が,なる,wiki
体系,を,成す,wiki
語彙,を,取り上げる,wiki
賽子,を,用いる,wiki
為,に,用いる,wiki
賽子,を,用いる,wiki
影響,を,持つ,wiki
賽子,が,判断しない,wiki
等,が,する,wiki
ゲーム,を,する,wiki
生成,を,行う,wiki
プレーヤー,が,指示する,wiki
人気,が,ある,wiki
主体,と,呼ばれる,wiki
体,から,なる,wiki
日,に,開始される,wiki
レコーディングスタジオ,で,開始される,wiki
ボーカル,を,担当する,wiki
レコーディング,に,参加する,wiki
仮,で,させる,wiki
マッカートニー,に,させる,wiki
弾き語り,を,させる,wiki
バック,を,聞く,wiki
後,に,聞く,wiki
2,が,採用される,wiki
映画館,で,上映される,wiki
漢語,が,用いられる,wiki
日本,で,用いられる,wiki
音,が,発音される,wiki
日本語,に,用いられる,wiki
間,で,始まる,wiki
混同,が,始まる,wiki
混同,が,進む,wiki
ヒント,を,与える,wiki
中,で,聴取する,wiki
音声,から,見出し学習する,wiki
自力,で,見出し学習する,wiki
規則,を,見出し学習する,wiki
機能,を,備える,wiki
言語,を,学習出来る,wiki
教育機関,が,創設される,wiki
起源,と,なる,wiki
とも,に,創設される,wiki
期,に,創設される,wiki
部,に,組織化される,wiki
学生,が,考える,wiki
問題,を,考える,wiki
震源地,と,なる,wiki
分野,を,限定される,wiki
改造,で,整備される,wiki
跡,を,する,wiki
公園,に,する,wiki
影響,を,受ける,wiki
文化,が,花開く,wiki
最盛期,を,担う,wiki
文化,を,垣間見る,wiki
対象,と,なる,wiki
全般,を,意味する,wiki
創作,を,意味する,wiki
中,で,著される,wiki
香港,に,遣わされる,wiki
著作,を,通す,wiki
日本,に,入る,wiki
色,を,薄める,wiki
議論,を,経る,wiki
年,に,内閣告示される,wiki
今日,に,至る,wiki
定見,に,支えられる,wiki
議論,が,続く,wiki
国家,を,成立させる,wiki
対立,が,激化する,wiki
戦争,と,呼ばれる,wiki
問題,に,発展する,wiki
国家,に,及ぼす,wiki
影響,を,及ぼす,wiki
化,に,反発する,wiki
語,を,する,wiki
国語,と,する,wiki
こと,を,求める,wiki
こと,から,起きる,wiki
運動,が,起きる,wiki
時点,で,発生する,wiki
犯罪,が,発生する,wiki
被害,に,会う,wiki
財布,が,盗まれる,wiki
被害,が,発生する,wiki
中,を,移動する,wiki
所持品,に,払う,wiki
注意,を,払う,wiki
夜間,に,強姦される,wiki
女性,が,強姦される,wiki
夜間,に,外出する,wiki
取得,に,置く,wiki
力点,を,置く,wiki
教育,が,続く,wiki
現場,で,続く,wiki
縺れ,を,なおす,wiki
標準語,に,近付ける,wiki
言葉,を,使う,wiki
方言,を,さける,wiki
記載,が,見られる,wiki
学年,を,終了する,wiki
全国,に,通用する,wiki
記述,が,ある,wiki
公会堂,で,行う,wiki
イベント,を,行う,wiki
赤字,を,埋める,wiki
年,より,進める,wiki
事業,を,進める,wiki
主義者,を,弾圧する,wiki
議会,に,通す,wiki
境,に,強める,wiki
化,を,強める,wiki
朝,が,欠く,wiki
背景,に,対抗する,wiki
ウラマー,に,対抗する,wiki
統治,を,行う,wiki
民族主義,を,重視する,wiki
下,で,行われる,wiki
月,に,フェルドウスィー,wiki
記念祭,が,行われる,wiki
年,に,変更する,wiki
国号,を,変更する,wiki
ドイツ,に,接近する,wiki
年,に,勃発する,wiki
大戦,が,勃発する,wiki
中立,を,維持する,wiki
体系,と,なる,wiki
間,に,認識される,wiki
ヨーロッパ,で,認識される,wiki
歴史,に,始まる,wiki
国家,が,誕生する,wiki
帝国,から,導入する,wiki
教会,を,導入する,wiki
統合,が,始まる,wiki
国,に,分裂する,wiki
大部分,が,侵略される,wiki
モンゴル,に,侵略される,wiki
属国,に,なる,wiki
ロシア,が,隔絶される,wiki
西洋,から,隔絶される,wiki
原因,と,なる,wiki
次第,に,再統合する,wiki
公国,を,再統合する,wiki
遺産,を,支配する,wiki
戦い,で,破る,wiki
ウルス,を,破る,wiki
時代,に,独立する,wiki
殆ど,が,服する,wiki
国,に,服する,wiki
中頃,に,イヴァン,wiki
帝国,を,建設する,wiki
ロシア人,が,行く,wiki
海,に,行く,wiki
道,を,確保する,wiki
年,に,面する,wiki
海,に,面する,wiki
サンクト・ペテルブルク,を,建設する,wiki
首都,に,なる,wiki
年,に,なる,wiki
帝国,に,なる,wiki
領土,を,持つ,wiki
帝国,と,なる,wiki
東端,から,伸びる,wiki
道,と,呼ばれる,wiki
路,が,伸びる,wiki
沿い,に,伸びる,wiki
中心,と,なる,wiki
港,が,存在する,wiki
部,から,結ばれる,wiki
東,へ,延びる,wiki
中,を,延びる,wiki
交易,が,おこなわれる,wiki
ソフトウェア,を,呼ぶ,wiki
著作権,を,行使しない,wiki
表示,を,行う,wiki
宣言,を,する,wiki
用法,を,間違える,wiki
行使,を,控える,wiki
宣言,に,留まる,wiki
権利放棄,に,伴う,wiki
消滅,が,ある,wiki
突厥,が,独立する,wiki
年,に,独立する,wiki
支配,から,独立する,wiki
此れ,を,持つ,wiki
建国,と,見なす,wiki
東西,に,分裂する,wiki
岸,に,割拠する,wiki
ベグ,が,出る,wiki
西進,を,始める,wiki
地方,を,占領する,wiki
部族,で,占領する,wiki
朝,を,成立させる,wiki
スルタン,に,指名される,wiki
朝,に,変わる,wiki
朝,が,なる,wiki
支配者,と,なる,wiki
アジア,で,敗れる,wiki
争い,に,敗れる,wiki
西遼,が,移動する,wiki
アジア,に,移動する,wiki
土地,を,占領する,wiki
此れ,と,争い,wiki
後,に,受ける,wiki
侵攻,を,受ける,wiki
民族,に,圧迫される,wiki
隅地,に,逃亡する,wiki
記録,から,消える,wiki
非公認,で,ある,wiki
歴史,が,ある,wiki
背景,に,出現する,wiki
系譜,を,継ぐ,wiki
教育,を,受ける,wiki
権利,を,否定される,wiki
教,を,断ずる,wiki
令,を,擁護する,wiki
姿,を,消す,wiki
建国,に,伴う,wiki
虐殺,を,受ける,wiki
国外,に,追放される,wiki
大半,が,亡命する,wiki
イスラエル,に,亡命する,wiki
誤差,が,ある,wiki
互い,に,混住する,wiki
付近,に,集まる,wiki
アラブ人,が,分布する,wiki
気候,に,ある,wiki
気候,に,ある,wiki
民族,が,暮らす,wiki
ジャンル,に,知らない,wiki
事情,を,知らない,wiki
已然形,と,称する,wiki
仮定,を,表す,wiki
意味,を,表す,wiki
命令形,が,存在する,wiki
行為,を,楽しむ,wiki
操作,を,組み合わせる,wiki
スケジュール,に,沿う,wiki
ゲーム,が,進行する,wiki
ストーリー,に,沿う,wiki
物,で,選ぶ,wiki
選択肢,で,変化する,wiki
結果,が,変化する,wiki
指揮権,を,有する,wiki
鳴き声,から,出来る,wiki
語,が,出来る,wiki
こと,を,示す,wiki
こと,が,証明される,wiki
構造,が,ある,wiki
名声,を,利用する,wiki
トスカーナ,を,含む,wiki
言語,を,作り出す,wiki
系統,に,属する,wiki
言語,に,配慮する,wiki
方言,が,なる,wiki
標準語,に,なる,wiki
こと,を,望む,wiki
真っ向,から,対立する,wiki
次第,に,なる,wiki
ダンテ,を,批判する,wiki
独善的,と,批判する,wiki
方言,を,する,wiki
ベース,に,する,wiki
影響,を,受ける,wiki
中,を,巻き込む,wiki
論争,に,発展する,wiki
喫煙,が,認められる,wiki
禁煙,と,なる,wiki
町会,を,上げる,wiki
渡御,が,ある,wiki
共,に,関連する,wiki
存在,に,関連する,wiki
追求,を,試みる,wiki
漫画,を,制作する,wiki
こと,を,する,wiki
公,に,する,wiki
漫画家,に,いる,wiki
売れっ子,と,なる,wiki
表記,に,併記される,wiki
名,が,併記される,wiki
一般,に,用いられる,wiki
項,を,見なす,wiki
主語,と,見なす,wiki
主語,に,認める,wiki
役割,を,認める,wiki
学派,を,除く,wiki
立場,を,取る,wiki
一般,に,言われる,wiki
様相,を,する,wiki
異,に,する,wiki
述語,を,する,wiki
基本,と,する,wiki
用語,を,用いる,wiki
時,に,圧倒される,wiki
スペイン語,に,圧倒される,wiki
スペイン語,から,取り入れる,wiki
借用語,を,取り入れる,wiki
数詞,を,用いる,wiki
機関,が,負う,wiki
責任,を,負う,wiki
立場,を,担う,wiki
原則,を,導入する,wiki
哲学,に,導入する,wiki
転換点,を,作る,wiki
功績,を,称える,wiki
方,を,意味する,wiki
判決,を,正当化する,wiki
ソクラテス,が,用いる,wiki
合理主義,を,用いる,wiki
理性,に,当てる,wiki
焦点,を,当てる,wiki
モットー,に,集約される,wiki
結論,に,到達する,wiki
ソクラテス,を,見なす,wiki
先駆者,と,見なす,wiki
理由,を,説明する,wiki
後半,に,増加する,wiki
人,に,達する,wiki
抑制,に,成功する,wiki
水準,に,到達する,wiki
頃,に,安定する,wiki
人,で,安定する,wiki
徐々,に,低下する,wiki
物,と,考えられる,wiki
帰還,を,目指す,wiki
後,に,移住する,wiki
海外,に,移住する,wiki
関係,が,続く,wiki
帝国,が,支配する,wiki
トルコ,に,当たる,wiki
地域,を,支配する,wiki
帝国,が,置く,wiki
其れ,を,滅ぼす,wiki
初頭,に,独立する,wiki
ギリシャ,が,独立する,wiki
奪回,を,目論む,wiki
後,に,起こる,wiki
戦争,が,起こる,wiki
交換,で,解決される,wiki
承認,を,する,wiki
キプロス,に,分裂する,wiki
把握力,に,応じる,wiki
キリスト,が,語る,wiki
自分自身,を,語る,wiki
肉,と,なる,wiki
中,に,顕現する,wiki
こと,を,表現する,wiki
物,と,解する,wiki
形式,を,受ける,wiki
自身,から,受ける,wiki
人間,を,する,wiki
愛,を,推奨する,wiki
神,を,尊敬する,wiki
精神,を,持つ,wiki
年,に,発見される,wiki
目,から,見る,wiki
液晶,を,扱う,wiki
為,に,合成する,wiki
融点,を,見出だす,wiki
此れ,が,なる,wiki
発見,と,なる,wiki
分類,が,提唱される,wiki
行為,に,関する,wiki
資格,が,付与され112条,wiki
影響,が,ある,wiki
権利,を,持つ,wiki
内,で,存続する,wiki
無期限,と,する,wiki
争い,が,ある,wiki
期間,を,明示する,wiki
デモ,に,関与する,wiki
関係者,が,関与する,wiki
こと,が,知られる,wiki
発生,に,関与する,wiki
機関,が,関与する,wiki
事実,が,ある,wiki
実名,を,公表する,wiki
体制,を,壊す,wiki
目的,で,工作する,wiki
米国,が,殺害する,wiki
ソレイマーニー,を,殺害する,wiki
部,に,位置する,wiki
聖堂,に,面する,wiki
ヨーロッパ,に,分類される,wiki
国々,を,示す,wiki
東側,に,位置する,wiki
選挙,で,なる,wiki
党,に,なる,wiki
政党,が,政権協議する,wiki
首相,に,選出する,wiki
こと,で,合意する,wiki
議長,に,就任する,wiki
ベンジャアファル,が,就任する,wiki
日,に,開かれる,wiki
議会,が,開かれる,wiki
人事,が,承認される,wiki
号,より,始める,wiki
領域,に,制限される,wiki
ピース,を,置く,wiki
運動,を,しない,wiki
必要,と,しない,wiki
ゲーム,を,指す,wiki
プレーヤー,が,座る,wiki
要素,が,存在する,wiki
テーブル,で,行われる,wiki
一般,に,入る,wiki
うち,に,入る,wiki
ゲーム,に,分類される,wiki
箱,に,入らない,wiki
機器,を,する,wiki
必要,と,する,wiki
活動,に,関係する,wiki
こと,を,行う,wiki
価値,が,ある,wiki
物,が,なる,wiki
徐々,に,取り入れられる,wiki
日本語,に,取り入れられる,wiki
%,を,占める,wiki
和語,が,占める,wiki
借用,が,ある,wiki
文字,で,表記される,wiki
半島,で,話される,wiki
以前,から,使われる,wiki
半島,で,使われる,wiki
言語,と,思われる,wiki
演算,が,定義される,wiki
アルファベット,から,構成される,wiki
物,と,する,wiki
こと,を,示す,wiki
等,が,発見する,wiki
法則,に,まとめられる,wiki
こと,を,導く,wiki
存在,を,予言する,wiki
こと,を,示す,wiki
体,が,なる,wiki
民衆,から,なる,wiki
選民,から,なる,wiki
手中,に,ある,wiki
不幸,を,排除する,wiki
目的,と,する,wiki
法律,に,従う,wiki
理性,に,導かれる,wiki
理性,を,欠く,wiki
外,から,与える,wiki
此れ,を,認めない,wiki
精神,を,失わしめる,wiki
政体,を,する,wiki
征服,に,始まる,wiki
年,に,成立する,wiki
文学,が,栄える,wiki
世紀,に,成立する,wiki
派,を,する,wiki
国教,と,する,wiki
王朝,と,なる,wiki
世紀,に,かける,wiki
官僚,を,雇用する,wiki
語,を,する,wiki
公用語,と,する,wiki
散文,が,栄える,wiki
地理学,に,該当する,wiki
気圏,を,扱う,wiki
水圏,を,扱う,wiki
圏,を,扱う,wiki
生物圏,を,扱う,wiki
圏,を,扱う,wiki
雪氷圏,を,扱う,wiki
分野,に,分かれる,wiki
成果,を,上げる,wiki
流域,を,する,wiki
中心,と,する,wiki
首都,を,置く,wiki
バグダッド,に,置く,wiki
支配,を,受ける,wiki
属州,と,なる,wiki
大戦,で,占領される,wiki
軍,に,占領される,wiki
メソポタミア,と,なる,wiki
年,に,なる,wiki
王国,と,なる,wiki
共和制,に,なる,wiki
クーデター,が,相次ぐ,wiki
年,から,なる,wiki
体制,と,なる,wiki
難問,に,対処する,wiki
強権,で,対処する,wiki
年,に,受ける,wiki
攻撃,を,受ける,wiki
月,に,国民投票,wiki
新憲法,が,承認される,wiki
政府,が,樹立される,wiki
為,に,続く,wiki
駐留,が,続く,wiki
年,に,撤収する,wiki
米軍,が,撤収する,wiki
近郊,に,ある,wiki
年,に,発見される,wiki
開発,が,進む,wiki
%,を,越える,wiki
鉛,を,採掘する,wiki
山脈,に,由来する,wiki
西端,に,位置する,wiki
モロッコ,と,似る,wiki
プログラミング,を,採用する,wiki
Smalltalk,が,登場する,wiki
指揮官,で,当たる,wiki
上司,に,当たる,wiki
ニケ,が,使う,wiki
敬語,を,使う,wiki
こと,から,見られる,wiki
立場,と,見られる,wiki
媒体,に,記録される,wiki
世紀,に,進む,wiki
化,が,進む,wiki
標準,で,備える,wiki
機能,を,備える,wiki
連載,を,経る,wiki
抗争,に,敗れる,wiki
内,で,形骸化する,wiki
機能,が,形骸化する,wiki
ロシア・ソビエト連邦社会主義共和国,を,活用する,wiki
年,に,なる,wiki
議長,と,なる,wiki
日,に,行う,wiki
ロシア共和国,と,改称する,wiki
宣言,を,行う,wiki
大統領,に,就任する,wiki
エリツィン,が,活躍する,wiki
鎮圧,に,活躍する,wiki
連邦,を,構成する,wiki
連邦,を,脱退する,wiki
ゴルバチョフ,が,辞任する,wiki
日,に,崩壊する,wiki
溜め息,を,"つくコーラス1993年No.214巻収録
",wiki
幽霊,が,見える,wiki
主人公,と,する,wiki
教授,が,保護される,wiki
著作権,で,保護される,wiki
作品,を,使用する,wiki
例外,が,ある,wiki
台詞,を,発音する,wiki
台詞回し,を,使う,wiki
地方,と,受ける,wiki
影響,を,受ける,wiki
方言,に,取り入れる,wiki
語彙,を,取り入れる,wiki
話者,と,なる,wiki
一方,で,ある,wiki
地位,を,与える,wiki
議論,が,進められる,wiki
例,に,挙げられる,wiki
中心,に,理解出来る,wiki
割,が,理解出来る,wiki
共,に,する,wiki
言語,を,理解出来る,wiki
イタリア語,に,取る,wiki
言い回し,が,ある,wiki
長年,に,渡る,wiki
集中,に,成功する,wiki
年,に,創設する,wiki
協力,を,得る,wiki
savak,を,用いる,wiki
化,を,図る,wiki
価格,が,下落する,wiki
知見,が,記載される,wiki
知見,が,記載される,wiki
こと,を,持つ,wiki
侵害,と,する,wiki
知見,を,説明する,wiki
物,と,なる,wiki
故,に,決まる,wiki
表現,が,決まる,wiki
創作性,が,ある,wiki
知見,を,記載する,wiki
文章,で,構成される,wiki
表現,に,加える,wiki
時,に,現れる,wiki
個性,が,現れる,wiki
物,と,言う,wiki
限り,で,認める,wiki
物性,を,認める,wiki
アクセント,が,ある,wiki
語尾,に,ある,wiki
記号,を,付ける,wiki
tà,と,なる,wiki
勝利,と,なる,wiki
イタリア語,が,得る,wiki
地位,を,得る,wiki
手,で,用いられる,wiki
ラテン語,に,変わる,wiki
形,で,用いられる,wiki
地位,を,向上させる,wiki
統一,を,望む,wiki
影響力,を,発揮する,wiki
チャップリン,が,死亡する,wiki
年,から,起算される,wiki
期間,が,起算される,wiki
著作権,が,保護される,wiki
社会,から,取る,wiki
データ,を,取る,wiki
方法,が,考えられる,wiki
調査,が,用いられる,wiki
社会,で,起きる,wiki
調査,から,得られる,wiki
データ,から,行う,wiki
検証,を,行う,wiki
書き言葉,が,破壊する,wiki
記憶,を,破壊する,wiki
基盤,を,形成する,wiki
努力,を,要する,wiki
中,で,磨く,wiki
信念,を,抱く,wiki
ハスキーボイス,で,囁く,wiki
意味論,が,する,wiki
対象,と,する,wiki
状況,を,捨象する,wiki
暮らし,が,分かる,wiki
swat,で,所属する,wiki
部隊,に,所属する,wiki
院,に,引き抜かれる,wiki
作戦,に,参加する,wiki
ガイア,に,操られる,wiki
デュナン,を,襲う,wiki
レオス,に,粉砕される,wiki
装置,を,破壊する,wiki
苦労,を,強いられる,wiki
市民,に,応対する,wiki
行為,で,行われる,wiki
道路交通法,を,する,wiki
盾,に,する,wiki
ドライバー,に,する,wiki
注意,を,する,wiki
中学校,に,なる,wiki
植物,が,持つ,wiki
胞子体,が,退縮する,wiki
配偶体,に,寄生する,wiki
力,を,保つ,wiki
外来語,に,由来する,wiki
外来語,を,する,wiki
語幹,と,する,wiki
ホームページ,から,閲覧出来る,wiki
戒律,が,及ぼす,wiki
全般,に,及ぼす,wiki
影響,を,及ぼす,wiki
派,を,する,wiki
国教,と,する,wiki
其れ,が,強まる,wiki
規制,を,伴う,wiki
書籍,を,販売する,wiki
価値観,に,合う,wiki
時代,から,続く,wiki
施設,を,抱える,wiki
食品,を,する,wiki
中心,と,する,wiki
人,が,集まる,wiki
天神,が,ある,wiki
受験生,を,する,wiki
中心,と,する,wiki
客,が,参拝する,wiki
メーカー,が,存在する,wiki
者,が,並べる,wiki
軒,を,並べる,wiki
南,に,位置する,wiki
電気街,が,ある,wiki
成分,から,作り出される,wiki
原価,が,異なる,wiki
法,で,合成される,wiki
飾り石,と,される,wiki
宝石,に,比較する,wiki
域,を,出ず,wiki
需要,を,除く,wiki
石,が,合成される,wiki
各層,を,分析する,wiki
最小単位,で,分析する,wiki
こと,を,意味する,wiki
相互作用,を,調査する,wiki
ユニット,が,持つ,wiki
割り当て,を,追加する,wiki
建物,を,見る,wiki
はじめ,と,する,wiki
美術館,で,観賞出来る,wiki
美術品,を,観賞出来る,wiki
古く,から,存在する,wiki
公演,を,楽しむ,wiki
語,を,する,wiki
元,に,する,wiki
字,を,連続させる,wiki
促音,を,表す,wiki
gh,に,対応する,wiki
ggh,と,する,wiki
q,を,重ねる,wiki
cq,が,使われる,wiki
合計,で,ある,wiki
民族,が,ある,wiki
徒,が,占める,wiki
%,を,占める,wiki
連載,が,決まる,wiki
アメリカ,に,在住する,wiki
締め切り,が,迫る,wiki
中,で,入る,wiki
宛て,に,入る,wiki
タイトル,が,入る,wiki
旨,を,記す,wiki
次第,に,なる,wiki
無実,と,なる,wiki
武居,が,理解されない,wiki
作品,に,登場する,wiki
赤塚,を,苛め抜く,wiki
ナンセンス,を,越える,wiki
展開,が,理解されない,wiki
大会,を,開催する,wiki
名称,で,開催される,wiki
大会,が,なる,wiki
最後,と,なる,wiki
現場,で,扱う,wiki
哲学,を,扱う,wiki
伝統,を,汲まない,wiki
必然性,を,欠く,wiki
議論,を,する,wiki
場,を,作らせず,wiki
現状,が,ある,wiki
劇中,に,登場する,wiki
d,に,搭載される,wiki
能力,を,付与する,wiki
ヒトミ,が,搭載される,wiki
一般道,で,運転する,wiki
開放,が,進む,wiki
振動,と,呼ばれる,wiki
技術,が,用いられる,wiki
時代,が,下り,wiki
近代,に,なる,wiki
人間,が,なる,wiki
自己,に,持つ,wiki
自信,を,持つ,wiki
何,を,認識出来る,wiki
真理,を,把握し得る,wiki
経験,を,越える,wiki
者,が,対立する,wiki
経験論,を,総合統一する,wiki
時,から,予測される,wiki
相違,が,ある,wiki
恐れ,が,ある,wiki
ウィーン,に,置かれる,wiki
疑い,が,ある,wiki
連合国,から,承認される,wiki
西部,に,立てられる,wiki
政権,が,立てられる,wiki
国家,が,分断される,wiki
ドイツ,に,侵略される,wiki
サイボーグ,を,する,wiki
題材,と,する,wiki
スネフェル,が,即位する,wiki
王朝,が,始まる,wiki
経済,が,成長する,wiki
建設,が,迎える,wiki
最盛期,を,迎える,wiki
頃,に,広げる,wiki
シナイ,に,派遣する,wiki
遠征隊,を,派遣する,wiki
勢力範囲,を,広げる,wiki
ピラミッド,を,建設する,wiki
頂点,を,迎える,wiki
ピラミッド,が,建設される,wiki
後,に,当たる,wiki
王,が,建造する,wiki
門前,に,ある,wiki
スフィンクス,を,建造する,wiki
王,が,建設する,wiki
ピラミッド,を,建設する,wiki
頂点,に,達する,wiki
ピラミッド,と,呼ばれる,wiki
時代,を,代表する,wiki
建造物,と,なる,wiki
キー,に,対応する,wiki
相手,を,発見する,wiki
自分,が,知る,wiki
データ,を,持つ,wiki
メッセージ,を,投げ付ける,wiki
メッセージ,を,コピーする,wiki
ノード,に,転送する,wiki
メッセージ,が,増える,wiki
算式,に,増える,wiki
別名,が,付く,wiki
メッセージ,が,増えすぎない,wiki
制限,を,かける,wiki
必要,が,ある,wiki
相手,が,存在する,wiki
場合,が,ある,wiki
賑わい,と,なる,wiki
各局,が,行う,wiki
取材,を,行う,wiki
テレビ東京,が,放送する,wiki
特別番組,を,放送する,wiki
食事,を,する,wiki
影響,で,使われる,wiki
音,が,使われる,wiki
音,に,加え場合,wiki
其々,を,取る,wiki
日本語,に,ある,wiki
実際,に,発音される,wiki
関係,が,ある,wiki
規則,が,ある,wiki
側面,を,持つ,wiki
年,に,創設される,wiki
リーグ,が,創設される,wiki
アハリ,が,支配する,wiki
強さ,で,支配する,wiki
連覇,を,含む,wiki
優勝,を,達成する,wiki
王者,を,決める,wiki
優勝,に,輝く,wiki
優勝,を,誇る,wiki
漫画家,に,なってない,wiki
ミュージシャン,に,なる,wiki
描写,で,描く,wiki
得意,と,する,wiki
ò,で,記述する,wiki
ワイヤ,と,呼ばれる,wiki
質量,を,増す,wiki
銅線,を,巻き付ける,wiki
物,が,ある,wiki
地層,から,見付かる,wiki
胞子体,から,なる,wiki
仮説,が,提唱される,wiki
修飾,を,担う,wiki
遺伝子,を,欠失させる,wiki
胞子体,を,形成する,wiki
メールアドレス,に,送られる,wiki
迷惑メール,が,送られる,wiki
全員,に,届く,wiki
迷惑メール,が,届く,wiki
此れ,を,防ぐ,wiki
攻守,が,分かれる,wiki
日本語,が,滅びる,wiki
地域,を,除く,wiki
利用,が,進む,wiki
財団,が,選定する,wiki
次世代,に,残す,wiki
町並み,が,選ばれる,wiki
中頃,に,かける,wiki
従来,から,用いられる,wiki
問題,を,克服する,wiki
制御,が,研究される,wiki
ルール,を,用いる,wiki
特徴,を,学習する,wiki
つ,を,融合する,wiki
手法,が,迎える,wiki
中心,に,迎える,wiki
ブーム,を,迎える,wiki
ATO,に,採用される,wiki
路線,に,合わせる,wiki
種類,を,増やす,wiki
元,に,最適化する,wiki
運転,を,最適化する,wiki
モデル,が,発売される,wiki
性,を,組み込む,wiki
アルゴリズム,に,組み込む,wiki
制御,が,実用化される,wiki
論理,に,基づく,wiki
制御,と,比較する,wiki
制御,が,なる,wiki
方式,を,総称する,wiki
コンピューティング,と,呼ぶ,wiki
限界,が,判明する,wiki
ブーム,に,終わる,wiki
ブーム,が,去る,wiki
分野,で,活用される,wiki
マグレブ,に,位置する,wiki
南東,に,接する,wiki
リビア,と,接する,wiki
国境,を,接する,wiki
海,に,面する,wiki
島,が,ある,wiki
年,に,刊行される,wiki
版,が,刊行される,wiki
tokyopop,から,刊行される,wiki
交流,を,持つ,wiki
こと,を,書く,wiki
武居,に,相当する,wiki
編集者,を,置き換える,wiki
フィクション,を,交える,wiki
教師,を,する,wiki
はじめ,と,する,wiki
指導,を,受ける,wiki
以下,に,上げる,wiki
過程,で,使われる,wiki
花,が,咲く,wiki
花,が,咲く,wiki
アニメ,を,する,wiki
原作,と,する,wiki
毎,に,出発する,wiki
アラブ連合共和国,が,支援する,wiki
派,が,蜂起する,wiki
上,に,成立する,wiki
ピアノ,に,先行する,wiki
弦,を,張る,wiki
チェンバロ,が,普及する,wiki
弦,を,呼ばれる,wiki
金属片,で,突き上げる,wiki
鍵盤,で,コントロール出来る,wiki
ニュアンス,を,コントロール出来る,wiki
音量,が,得られず,wiki
演奏,を,除く,wiki
空間,で,演奏する,wiki
弦,を,弾く,wiki
プレクトラム,で,弾く,wiki
音量,が,得られる,wiki
切り替え,で,出す,wiki
強弱,を,出す,wiki
強弱,を,つける,wiki
設計,が,追求される,wiki
体系,に,熟練する,wiki
携帯電話,を,使う,wiki
公平性,を,保つ,wiki
スポーツ,で,採用される,wiki
性,と,異なる,wiki
参加,が,増加する,wiki
公平性,が,議論される,wiki
女性,に,加える,wiki
性別,を,設ける,wiki
観点,から,回帰する,wiki
ロシア,を,する,wiki
はじめ,と,する,wiki
改進,を,行い得ない,wiki
列強,に,譲渡する,wiki
利権,を,譲渡する,wiki
挙,に,及ぶ,wiki
進出,が,進む,wiki
苦汁,を,余所,wiki
遊蕩,を,続ける,wiki
目,に,突入する,wiki
道,で,問われる,wiki
どちら,に,行かれる,wiki
物,を,無くす,wiki
へん,を,探す,wiki
ゲーム,が,ある,wiki
試合,に,参加する,wiki
方法,が,ある,wiki
増田,が,薄い,wiki
一人,に,上げる,wiki
増田,を,上げる,wiki
作品,を,見る,wiki
時,から,感じる,wiki
ベース,を,担当する,wiki
音源,で,弾く,wiki
マッカートニー,が,弾く,wiki
レノン,が,演奏する,wiki
部分,を,演奏する,wiki
ギター,で,演奏する,wiki
音源,が,なる,wiki
ギター,が,なる,wiki
チューニング,に,なる,wiki
演奏,に,なる,wiki
運河,より,なる,wiki
名称,に,なる,wiki
手前,で,走る,wiki
部,を,走る,wiki
手前,で,する,wiki
移住者,を,含む,wiki
間,で,使用される,wiki
公用語,を,規定する,wiki
日本語,で,記述される,wiki
日本語,を,用いる,wiki
こと,が,規定される,wiki
学習,を,行う,wiki
公用語,と,なる,wiki
スポーツ,を,する,wiki
主題,と,する,wiki
スポーツ,を,する,wiki
テーマ,と,する,wiki
種類,が,ある,wiki
相棒,で,組む,wiki
バディー,を,組む,wiki
こと,に,感じる,wiki
焦り,を,感じる,wiki
ランス,に,意見具申する,wiki
此処,で,生まれる,wiki
規則,に,従う,wiki
健康保険,が,見せる,wiki
改善,を,見せる,wiki
君主制,を,敷く,wiki
議会,を,設置する,wiki
近代化,を,目指す,wiki
音節,に,ある,wiki
強勢,が,ある,wiki
必要,と,される,wiki
名付ける,に,用いられる,wiki
法,で,定められる,wiki
一般,に,通用する,wiki
字,が,定められる,wiki
此れ,に,加え現代漢語,wiki
字,が,追加される,wiki
音階,を,使う,wiki
違い,が,ある,wiki
物,が,見られる,wiki
期,から,存在する,wiki
操作,を,駆使する,wiki
物,が,消える,wiki
合成,が,試みられる,wiki
作り,が,行われる,wiki
実物,を,縮小する,wiki
長年,に,渡る,wiki
共,に,発展する,wiki
鏡,が,来る,wiki
鏡,が,来る,wiki
攻撃,に,続ける,wiki
沈黙,を,続ける,wiki
攻撃,を,受ける,wiki
声明,を,出す,wiki
批判,を,繰り返す,wiki
存在,が,知られる,wiki
側,に,出現する,wiki
構造,を,取る,wiki
方向,が,反転する,wiki
毎,に,反転する,wiki
層,で,相殺する,wiki
方向,が,揃う,wiki
状態,に,転移する,wiki
構造,が,見いだされる,wiki
性,を,示す,wiki
団体,が,授与する,wiki
キリスト教,に,与える,wiki
影響,を,与える,wiki
等,を,説く,wiki
永遠,で,恒久なり,wiki
アプローチ,を,説く,wiki
以前,に,遡る,wiki
時間,を,遡る,wiki
始原,に,据える,wiki
座,を,据える,wiki
発想,が,挙げられる,wiki
ドイツ,が,用いる,wiki
期間,が,満了する,wiki
一部,が,回復する,wiki
著作権,を,回復する,wiki
最後,に,死亡する,wiki
起点,に,算出する,wiki
法,を,用いる,wiki
測定,を,する,wiki
方法,が,ある,wiki
加工,に,基づく,wiki
採取,と,連動する,wiki
貿易,を,支える,wiki
業,から,なる,wiki
オリーブ,から,採取する,wiki
品,から,なる,wiki
盤,が,製造される,wiki
日,に,する,wiki
面,に,する,wiki
チャート,で,獲得する,wiki
位,を,獲得する,wiki
日,より,販売される,wiki
中国,で,記される,wiki
書,に,求められる,wiki
祝祭日,を,示す,wiki
弾圧,を,加える,wiki
手,に,納得しない,wiki
こと,を,嫌う,wiki
誰,に,反対される,wiki
こと,を,持つ,wiki
身,を,持つ,wiki
死刑,を,受け入れる,wiki
哲学,を,存立する,wiki
跨ぐ,で,存立する,wiki
上,に,組む,wiki
リング,を,組む,wiki
国技館,に,なる,wiki
型,と,なる,wiki
地下,に,沈める,wiki
上,に,立つ,wiki
女性,が,立つ,wiki
中央,に,立つ,wiki
後,に,減少する,wiki
会場,を,含める,wiki
形容詞,を,補う,wiki
動詞,が,増大する,wiki
扱い,に,なる,wiki
用法,を,含む,wiki
物,が,存在する,wiki
語,を,調査する,wiki
%,が,用いられる,wiki
%,が,用いられる,wiki
こと,が,分かる,wiki
信頼関係,が,ある,wiki
能力,を,有する,wiki
未来,を,考える,wiki
体系,から,分かれ出る,wiki
こと,を,意味する,wiki
アクセント,と,称する,wiki
此れ,が,分岐する,wiki
互い,に,変化する,wiki
方向,に,変化する,wiki
式,を,生じる,wiki
此れ,が,起こす,wiki
変化,を,起こす,wiki
接触,で,生じる,wiki
アクセント,が,生じる,wiki
トルコ,と,連結する,wiki
鉄道,で,結ばれる,wiki
年,に,滅ぼされる,wiki
大王,が,死去する,wiki
戦争,と,なる,wiki
支配下,に,入る,wiki
年,に,受け継ぐアルシャク,wiki
帝国,を,受け継ぐアルシャク,wiki
戦争,で,敗れる,wiki
朝,が,敗れる,wiki
ニューヨーク,に,ある,wiki
拠点,が,ある,wiki
音色,が,違う,wiki
題目,を,示す,wiki
主語,を,兼ねる,wiki
格,を,表す,wiki
役目,を,持つ,wiki
施行,に,伴う,wiki
曲,を,作る,wiki
次第,を,考案する,wiki
楽譜,を,作成する,wiki
方法,で,抜く,wiki
作曲,を,する,wiki
演奏,を,する,wiki
楽譜,を,作る,wiki
音,を,表す,wiki
形,で,表す,wiki
五線譜,に,従う,wiki
音,を,置く,wiki
古語,で,意味,wiki
会合,を,意味,wiki
著作,を,纏める,wiki
其れ,を,当てる,wiki
訳,に,当てる,wiki
意味,で,使用される,wiki
言葉,が,使用される,wiki
時代,に,なる,wiki
西周,が,使う,wiki
言葉,を,使う,wiki
訳,が,出る,wiki
世,に,出る,wiki
普及,に,貢献する,wiki
論説,で,使う,wiki
用語,が,使われる,wiki
ルビ,が,振られる,wiki
日,に,発売される,wiki
日,に,発売される,wiki
シングル,で,発売される,wiki
日,に,発売される,wiki
名義,と,なる,wiki
マッカートニー,が,書く,wiki
四重奏,を,する,wiki
バック,に,する,wiki
バラード,を,発売する,wiki
名義,で,発売する,wiki
楽曲,と,なる,wiki
経由,で,輸入される,wiki
チュニジア,から,見える,wiki
活動,を,通す,wiki
哲学,を,批判する,wiki
定義,に,満ち溢れる,wiki
かり,に,そこある,wiki
問題,が,そこある,wiki
スピノザ,と,異なる,wiki
問題,と,取り組む,wiki
日,に,開催される,wiki
メモリアルホール,で,開催される,wiki
相撲,を,廃業する,wiki
力道山,が,観戦,wiki
リングサイド,で,観戦,wiki
日,に,エキジビション,wiki
リング,に,上がる,wiki
ブランズ,と,対戦する,wiki
此れ,が,なる,wiki
デビュー,と,なる,wiki
依存症,に,苦しめられる,wiki
酒,に,溺れる,wiki
人,と,向き合う,wiki
こと,と,自己分析する,wiki
自分,より,飲む,wiki
酒,を,飲む,wiki
ゆう,を,上げる,wiki
木,を,見る,wiki
森,を,見ず,wiki
状態,で,研究する,wiki
批判,が,寄せられる,wiki
猫,が,教える,wiki
犬,に,教える,wiki
泳ぎ,を,教える,wiki
王朝,が,続く,wiki
状態,が,続く,wiki
時代,を,総称する,wiki
期,と,呼ぶ,wiki
ヘラクレオポリス,に,起こる,wiki
王朝,が,制圧する,wiki
北部,を,制圧する,wiki
全土,を,統一する,wiki
テーベ,に,勃興する,wiki
情勢,と,なる,wiki
多く,に,共通する,wiki
常識,を,信頼する,wiki
道具,を,する,wiki
手,に,する,wiki
形態,が,成立する,wiki
戦争,に,参戦する,wiki
態度,を,取る,wiki
態度,を,軟化させこの時期,wiki
支援,を,受ける,wiki
交渉,に,反対せず,wiki
支持,を,表明する,wiki
撤退,を,要求する,wiki
施設,を,攻撃する,wiki
ミサイル,で,攻撃する,wiki
年,に,建設される,wiki
年,に,かける,wiki
城壁,が,築かれる,wiki
路線,を,繋ぐ,wiki
路,を,確保する,wiki
サンチュール,が,建設される,wiki
年,から,建設される,wiki
表現,に,変換される,wiki
内,で,購入出来る,wiki
銃器,を,購入出来る,wiki
こと,から,使用する,wiki
同国,を,訪れる,wiki
注意,を,払う,wiki
必要,が,求められる,wiki
シナリオ,を,なぞる,wiki
形,に,なる,wiki
展開,で,再構築される,wiki
オマージュ,と,思われる,wiki
関係,が,押し出される,wiki
シーン,が,評価される,wiki
関西弁,を,多用する,wiki
両論,と,なる,wiki
以上,に,代表される,wiki
要員,で,構成される,wiki
チーム,で,取る,wiki
連携,を,取る,wiki
競技,が,進行する,wiki
発表,を,行う,wiki
内容,を,暗記する,wiki
口頭,で,行う,wiki
説明,を,行う,wiki
方法,が,とられる,wiki
発表会,が,考えられる,wiki
場合,に,考えられる,wiki
1,に,考えられる,wiki
内容,を,書く,wiki
紙,に,書く,wiki
壁,に,張る,wiki
内容,を,書く,wiki
紙,に,書く,wiki
壁,に,張る,wiki
グループ,を,形成する,wiki
口頭,で,行われる,wiki
以上,に,上げる,wiki
年,と,する,wiki
国,が,占める,wiki
多数,を,占める,wiki
運動,を,行う,wiki
年,が,採用される,wiki
期間,が,される,wiki
基準,と,される,wiki
年,から,延長する,wiki
年,に,断念する,wiki
基部,で,分岐する,wiki
器,を,保護する,wiki
仮根,を,形成せず,wiki
葉,を,付けない,wiki
根茎,で,取り付く,wiki
類,から,進化する,wiki
腹側,に,ある,wiki
葉,が,縮小する,wiki
周年,を,迎える,wiki
糖尿病,と,思われる,wiki
記録,を,残す,wiki
こと,で,活用する,wiki
教育,に,活用する,wiki
両方,で,示す,wiki
多様性,を,示す,wiki
性,を,維持する,wiki
革新,を,追求する,wiki
ギャグ,に,とり憑かれる,wiki
協会,が,用いる,wiki
向け,に,用いる,wiki
字体,で,表記する,wiki
館,と,表記する,wiki
語,を,語る,wiki
事務所,が,隣接する,wiki
跡,に,隣接する,wiki
ロレンス,が,押し切られる,wiki
問題,が,形成される,wiki
大戦,が,勃発する,wiki
箇月,で,放棄せず,wiki
パリ,を,放棄せず,wiki
日,に,行う,wiki
宣言,を,行う,wiki
こと,で,回避される,wiki
軍,が,進駐する,wiki
パリ,を,占領する,wiki
無血,で,占領する,wiki
パリ,が,落ちる,wiki
手,に,落ちる,wiki
イラン,を,考える,wiki
中心,に,再熱する,wiki
人気,が,再熱する,wiki
連載,が,スタートする,wiki
復活,を,遂げる,wiki
上,に,残す,wiki
足跡,を,残す,wiki
注目,を,浴びる,wiki
日,より,改名,wiki
名,を,改名,wiki
音,が,濁る,wiki
欠点,が,存在する,wiki
問題,を,解決する,wiki
年,に,発表する,wiki
370,を,発表する,wiki
弦,を,配置する,wiki
由来,と,なる,wiki
上,に,配置される,wiki
鍵盤,が,配置される,wiki
据え付け,と,なる,wiki
370,から,収録する,wiki
＂,が,発売される,wiki
論,を,受け継ぐ,wiki
伝統,に,則り自然科学一元論で,wiki
理論,を,打ち立てる,wiki
論,に,繋がる,wiki
視点,から,行う,wiki
限界,を,乗り越える,wiki
方向,へ,進む,wiki
省,が,分有する,wiki
司法権,が,廃止される,wiki
最上位,に,ある,wiki
独立,が,確保される,wiki
法律,に,違反する,wiki
権限,を,有する,wiki
他,に,明記される,wiki
憲法,に,明記される,wiki
裁判所,が,ある,wiki
候補者,を,審査する,wiki
国会,に,提示する,wiki
非行,を,調査する,wiki
裁判所,に,勧告する,wiki
罷免,を,勧告する,wiki
権限,を,有する,wiki
法律,が,違反する,wiki
憲法,に,違反する,wiki
権限,を,有する,wiki
大統領,に,属する,wiki
解散権,が,移される,wiki
裁判所,に,移される,wiki
介入,が,排除される,wiki
態度,を,理解する,wiki
立ち位置,を,知る,wiki
助け,に,なる,wiki
版,に,存在する,wiki
文末,に,来る,wiki
形,で,結ぶ,wiki
動詞,が,来る,wiki
形,で,結ぶ,wiki
面,から,言う,wiki
語,を,用いる,wiki
文末,に,来る,wiki
形容詞,が,来る,wiki
花,が,御座る,wiki
正当性,が,なる,wiki
問題,と,なる,wiki
是非,が,なる,wiki
問題,と,なる,wiki
物,が,成立する,wiki
自体,が,なる,wiki
問題,と,なる,wiki
影響,を,与える,wiki
限界,が,される,wiki
物,を,懐疑する,wiki
表現,を,分離する,wiki
小説,と,挿し絵,wiki
此れ,に,該当する,wiki
著作権,を,有する,wiki
必要,が,ある,wiki
品詞,が,対応する,wiki
成分,に,対応する,wiki
1,で,対応する,wiki
後半,に,起こる,wiki
古典派,が,起こる,wiki
都市,と,なる,wiki
ウィーン,を,する,wiki
拠点,と,する,wiki
ウィーン,で,活動する,wiki
軸,が,ある,wiki
分類,に,従う,wiki
流れ,が,ある,wiki
3M,で,乗り込む,wiki
動き,を,トレースする,wiki
能力,が,得られる,wiki
アーム,を,抑えられる,wiki
動き,を,封じられる,wiki
難点,が,ある,wiki
アーム,を,納める,wiki
内,に,納める,wiki
巻,で,装備する,wiki
デュナン,が,装備する,wiki
ハッチ,に,発砲出来る,wiki
サブアーム,で,発砲出来る,wiki
ハンドガン,を,格納する,wiki
倍角,で,動作する,wiki
慣れ,を,要する,wiki
法,に,基づく,wiki
裁判所,が,担当する,wiki
人間,が,使う,wiki
言語,を,使う,wiki
コンピューター,に,指示する,wiki
其れ,を,コンパイル出来る,wiki
プログラム,を,作成する,wiki
意味,が,変則的,wiki
其れ,を,理解できない,wiki
者,が,空想する,wiki
実用,に,なる,wiki
ストリーミング,で,やりとりされる,wiki
世界観,を,壊さず,wiki
アピール,を,行う,wiki
こと,を,留意する,wiki
kenken,と,ある,wiki
交流,が,ある,wiki
様式,に,基づく,wiki
医学,を,基づく,wiki
様式,に,基づく,wiki
医学,を,呼ぶ,wiki
日本,で,呼ばれる,wiki
中国医学,に,相当する,wiki
大陸,で,生まれ発達する,wiki
医学,が,入る,wiki
日本,に,入る,wiki
医学,を,呼び分ける,wiki
必要,が,生じる,wiki
意味,で,呼ぶ,wiki
医学,が,位置づけられる,wiki
医学,と,位置づけられる,wiki
医学,を,行う,wiki
医学,を,学ぶ,wiki
方,を,好み愛用する,wiki
アルプス,が,占める,wiki
%,を,占める,wiki
水,を,集める,wiki
ドイツ,から,通過する,wiki
ウィーン,を,通過する,wiki
黒海,に,達する,wiki
年,に,完成する,wiki
川,を,結ぶ,wiki
運河,が,完成する,wiki
交通,が,なる,wiki
HP,に,属する,wiki
病院,が,存在する,wiki
医療センター,を,上げる,wiki
国籍,で,分類する,wiki
国籍,を,扱う,wiki
混雑,を,避ける,wiki
抑制,が,目指される,wiki
レーン,が,設置される,wiki
内,で,確保する,wiki
場所,を,確保する,wiki
間隔,を,密着させる,wiki
脇,に,行う,wiki
駐車,を,行う,wiki
アクエンアテン,と,名乗る,wiki
神,を,する,wiki
中心,に,する,wiki
テーベ,から,遷都する,wiki
崇拝,に,改める,wiki
改革,を,行う,wiki
一神教,と,いわれる,wiki
美術,と,呼ばれる,wiki
美術,が,花開く,wiki
統治,に,集中する,wiki
戦闘,を,避ける,wiki
勢力,を,伸ばす,wiki
ヒッタイト,に,奪われる,wiki
群,を,奪われる,wiki
国力,が,低下する,wiki
収入,を,失う,wiki
財産,を,盗み取る,wiki
民族,が,いる,wiki
ロシア語,が,通用する,wiki
共和国,を,含める,wiki
全域,で,通用する,wiki
橋頭堡,を,打ち立てる,wiki
敬意,を,払い続ける,wiki
戦乱,が,続く,wiki
思想,が,停滞後退する,wiki
権力,が,達する,wiki
頂点,に,達する,wiki
問題,に,用いられる,wiki
哲学,を,打ち立てる,wiki
達,が,現れる,wiki
日,に,行われる,wiki
セット,で,演奏,wiki
世界,で,統一される,wiki
コーラン,が,なる,wiki
基準,と,なる,wiki
他,に,認められる,wiki
イラク,で,話される,wiki
内,で,なる,wiki
共通語,と,なる,wiki
方言,が,分かれる,wiki
中学校,に,なる,wiki
月,が,取る,wiki
周年,に,当たる,wiki
日,を,する,wiki
計画,を,発表する,wiki
こと,に,始まる,wiki
ムスリム,を,越える,wiki
圧力,を,受ける,wiki
呼び掛け,に,答える,wiki
一部,が,燃やす,wiki
警官,に,護衛される,wiki
事件,で,破壊される,wiki
跡地,で,破る,wiki
其れ,に,つける,wiki
火,を,つける,wiki
運動,が,巻き起こる,wiki
影響,で,志す,wiki
漫画家,を,志す,wiki
措置,が,適用される,wiki
関係,に,ある,wiki
漫画雑誌,に,持つ,wiki
連載,を,持つ,wiki
モチーフ,と,する,wiki
機,が,登場する,wiki
内容,が,許可しない,wiki
期間,が,除く,wiki
年,と,なる,wiki
場合,を,除く,wiki
著作者,が,生存する,wiki
人格権,が,存続する,wiki
人格権,を,侵害する,wiki
体様,で,利用する,wiki
著作物,を,利用する,wiki
著作者,が,死亡する,wiki
人格権,が,消滅する,wiki
著作者,が,生存する,wiki
侵害,と,なる,wiki
名誉,を,害する,wiki
敬意,を,表す,wiki
表現,を,持つ,wiki
其れ,が,なる,wiki
体系,と,なる,wiki
体系,が,出来上がる,wiki
度合い,に,応じる,wiki
選択肢,が,用意される,wiki
常,に,選ばない,wiki
中,から,選ばない,wiki
表現,を,選ばない,wiki
年,に,受賞する,wiki
部門,を,受賞する,wiki
後,に,発売される,wiki
作,と,なる,wiki
連載中,に,掛かる,wiki
病気,に,掛かる,wiki
後,に,復帰する,wiki
腱鞘炎,と,噂される,wiki
頭蓋骨,に,あける,wiki
穴,を,あける,wiki
手術,を,行う,wiki
こと,を,ツイートする,wiki
禿げ,が,ある,wiki
動乱,に,満ちる,wiki
フランス,を,生きる,wiki
経済学,を,統合する,wiki
筆頭,に,運行する,wiki
航空会社,が,運行する,wiki
こと,を,知らず,wiki
姿勢,に,感服する,wiki
発音,と,される,wiki
地域,で,失われる,wiki
区別,が,失われる,wiki
行音,で,発音する,wiki
人間,と,異なる,wiki
外観,を,持つ,wiki
サイボーグ,が,登場する,wiki
方向,に,ある,wiki
普及,に,伴う,wiki
侵害,に,あたらない,wiki
d,を,発音する,wiki
ゲーム,を,保存,wiki
番組,を,流す,wiki
仕事中,に,流す,wiki
既知,を,表す,wiki
等,を,研究する,wiki
関係,が,続く,wiki
民族派,が,奪われる,wiki
南部,を,奪われる,wiki
年,から,かける,wiki
年,に,かける,wiki
カエサル,が,行う,wiki
戦争,を,行う,wiki
全域,を,する,wiki
領,と,する,wiki
ラテン語,が,導入される,wiki
切っ掛け,と,なる,wiki
語,が,用いられる,wiki
支配,が,定着する,wiki
ラテン語,が,なる,wiki
優勢,と,なる,wiki
語,と,呼ばれる,wiki
群,が,成立する,wiki
言,と,呼ぶ,wiki
語,から,受ける,wiki
影響,を,受ける,wiki
とも,に,支配する,wiki
王国,が,支配する,wiki
地域,を,支配する,wiki
語,が,持ち込まれる,wiki
影響,を,受ける,wiki
ラテン語,から,分離する,wiki
フランス語,が,成立する,wiki
整備,が,行われる,wiki
フランス語,が,成立する,wiki
生産,を,目指す,wiki
今迄,に,表明する,wiki
立場,に,示す,wiki
理解,を,示す,wiki
権利,が,ある,wiki
上,で,行う,wiki
呼び掛け,を,行う,wiki
最初,に,始める,wiki
国,から,始める,wiki
号,で,支持する,wiki
権利,を,支持する,wiki
こと,が,報じられる,wiki
技術,を,発展させる,wiki
権利,を,確認する,wiki
等,を,採択される,wiki
此れ,を,支持する,wiki
葉,より,出す,wiki
芽,を,出す,wiki
増殖,を,行う,wiki
為,に,分化する,wiki
芽,を,作る,wiki
類,で,ある,wiki
型,が,ある,wiki
器,を,形成する,wiki
流通,を,経る,wiki
技術,が,普及する,wiki
出版,が,なる,wiki
主流,に,なる,wiki
インターネット,を,利用する,wiki
上,で,表現される,wiki
正面,に,位置する,wiki
カルチエ・ラタン,に,隣接する,wiki
上,に,張り渡す,wiki
弦,を,張り渡す,wiki
手前,が,なる,wiki
弦,と,なる,wiki
指,で,摘む,wiki
弦,を,摘む,wiki
本,に,達する,wiki
方面,に,向かう,wiki
前後,を,する,wiki
中心,と,する,wiki
日本,で,用いられる,wiki
語,が,見出される,wiki
そこ,に,至る,wiki
賢,を,希う,wiki
一節,が,ある,wiki
語,を,作る,wiki
其れ,を,フィロソフィア,wiki
其れ,を,借用する,wiki
西周,が,借用する,wiki
此処,から,省略する,wiki
文部省,に,採用される,wiki
一般,に,浸透する,wiki
訳語,を,考案する,wiki
CI,に,相当する,wiki
代用,と,なる,wiki
天,を,補修する,wiki
人類,を,創造する,wiki
闇,を,かける,wiki
互い,に,干渉出来る,wiki
時,に,叩く,wiki
拳,で,叩く,wiki
左手,を,叩く,wiki
語,が,発達する,wiki
影響,を,受ける,wiki
語,を,呼ぶ,wiki
語,と,呼ぶ,wiki
過程,で,なる,wiki
語,と,なる,wiki
こと,を,呼ぶ,wiki
中,で,当たる,wiki
金属,に,当たる,wiki
鉱物,を,言う,wiki
貴金属,と,言う,wiki
価値,を,定める,wiki
根拠,と,なる,wiki
評価基準,が,決められる,wiki
市場,が,整備される,wiki
価値,を,並列化する,wiki
規模,で,並列化する,wiki
相場,が,定められる,wiki
欧米,で,売買される,wiki
中国,に,売り込む,wiki
こと,が,目論まれる,wiki
方,が,取引される,wiki
誕生石,が,異なる,wiki
事情,を,物語る,wiki
価値,が,確立される,wiki
環境,に,さらされる,wiki
損傷,を,受ける,wiki
価値,が,損なわれる,wiki
可能性,が,ある,wiki
難,が,ある,wiki
クリック,に,賛同する,wiki
ガス,を,含む,wiki
アメリカ,と,なる,wiki
対立,が,ある,wiki
語,を,伸ばす,wiki
拍,に,発音する,wiki
融合,が,起こらない,wiki
共通点,が,ある,wiki
母音,を,発音する,wiki
子音,を,発音する,wiki
母音,を,発音する,wiki
傾向,が,ある,wiki
彼,に,先行する,wiki
アテナイ,を,含む,wiki
其れ,と,比べる,wiki
伝統,に,依存する,wiki
全体像,を,確認する,wiki
必要,が,ある,wiki
東京都内,に,実在する,wiki
制服,を,する,wiki
モデル,に,する,wiki
医学,が,実現する,wiki
他国,に,派遣する,wiki
医師,を,派遣する,wiki
キャラクター,を,採用する,wiki
浅草,から,下る,wiki
南,に,下る,wiki
浅草橋,から,南下する,wiki
馬喰町,に,かける,wiki
卸,が,集中する,wiki
貴方,を,忘れない,wiki
跡,が,なる,wiki
庵,と,なる,wiki
投資家,が,起用される,wiki
柱,と,する,wiki
年,に,称する,wiki
マルガレーテ,を,退位させる,wiki
伯領,を,継承,wiki
統治下,に,置かれる,wiki
世紀,に,かける,wiki
領域,を,獲得する,wiki
議,で,頓挫する,wiki
政策,が,頓挫する,wiki
年,に,選ばれる,wiki
世,が,選ばれる,wiki
後継,に,選ばれる,wiki
例,を,除く,wiki
家,が,独占する,wiki
コンピューター,を,用いず,wiki
形式,で,行われる,wiki
田舎,に,点在する,wiki
中,で,渡る,wiki
面,を,持つ,wiki
自然科学,が,分化する,wiki
哲学,から,分化する,wiki
成果,を,重視する,wiki
親和性,を,失わない,wiki
努力,を,行う,wiki
経験,を,重要視する,wiki
達,が,生まれる,wiki
自身,が,扱わない,wiki
哲学者,が,率先する,wiki
考察,を,行う,wiki
科学,が,とり得る,wiki
姿,を,とり得る,wiki
こと,で,忘れられる,wiki
仮説,を,再発掘する,wiki
原動力,と,なる,wiki
形,を,呈示する,wiki
死刑,を,待つ,wiki
ソクラテス,に,促す,wiki
逃亡,を,促す,wiki
対話者,を,持ち出す,wiki
下,で,結婚する,wiki
父母,が,結婚する,wiki
御前,が,生まれる,wiki
国家,が,入らない,wiki
気,に,入らない,wiki
財産,を,持つ,wiki
植民地,に,移住する,wiki
こと,が,認められる,wiki
老人,に,なる,wiki
家庭,を,もうける,wiki
外国,に,行く,wiki
我々,と,成立する,wiki
契約,が,成立する,wiki
其れ,を,破棄する,wiki
逃亡,を,企てる,wiki
不正,が,許される,wiki
自身,を,非難させる,wiki
説得,を,諦めさせる,wiki
行為,を,説明する,wiki
等,を,纏める,wiki
述語,を,補足する,wiki
文,で,呼応する,wiki
点,で,呼応する,wiki
力,を,持たない,wiki
部分,で,する,wiki
語彙,を,する,wiki
月,に,改善される,wiki
原油,を,輸出できない,wiki
イラク,に,見合う,wiki
下,で,見合う,wiki
要求,に,見合う,wiki
原油,を,輸出する,wiki
こと,を,許可する,wiki
下,で,なる,wiki
日,に,生産する,wiki
バーレル,を,生産する,wiki
バーレル,を,輸出する,wiki
ドル,を,獲得する,wiki
知美,が,知られる,wiki
公募,に,応募する,wiki
中,に,残る,wiki
西村,が,収録される,wiki
年,に,出版する,wiki
シナリオ,が,収録される,wiki
感想,を,述べる,wiki
回路,で,生成合成する,wiki
音,を,生成合成する,wiki
依頼,が,ある,wiki
シード,を,読む,wiki
担当者,を,驚かせる,wiki
プロテクター,を,する,wiki
題材,と,する,wiki
部族,が,存在する,wiki
其々,が,異なる,wiki
言語,を,用いる,wiki
ラテン語,が,普及する,wiki
力,が,広がる,wiki
部,に,広がる,wiki
場,で,用いられる,wiki
差異,が,存在する,wiki
調査,が,進められる,wiki
博物館,に,展示収蔵される,wiki
石材,と,優れる,wiki
建造物,が,建設される,wiki
魅力,を,する,wiki
主体,と,する,wiki
文書,に,ある,wiki
表示,を,残す,wiki
国語,と,なる,wiki
地域,で,異なる,wiki
言葉,が,使われる,wiki
日常生活,で,使われる,wiki
語,が,言う,wiki
国語,と,言う,wiki
日常,で,話す,wiki
人口比,に,する,wiki
国語,に,なる,wiki
ジャカルタ,へ,向かう,wiki
出稼ぎ,に,向かう,wiki
影響,が,出る,wiki
調査,で,滞納する,wiki
支払い,が,渡る,wiki
長期,に,渡る,wiki
将来,を,考える,wiki
スタッフ,を,引き連れる,wiki
企画,を,設立する,wiki
綴り,が,示す,wiki
発音,を,示す,wiki
発音,を,聞く,wiki
人,が,いる,wiki
日本,で,行われる,wiki
試験,が,行われる,wiki
CD,で,流れる,wiki
文脈,を,把握する,wiki
一致,に,つける,wiki
気,を,つける,wiki
能力,が,試される,wiki
問題,で,落とす,wiki
点,を,落とす,wiki
フランス語,を,書く,wiki
パロディー,が,登場する,wiki
実名,で,登場する,wiki
扉絵,に,刻まれる,wiki
名前,が,刻まれる,wiki
l,を,除く,wiki
フランス語,を,知らない,wiki
規則,を,覚える,wiki
諸語,に,比べる,wiki
発音,が,変わる,wiki
宇宙,から,来る,wiki
鬼ごっこ,が,始まる,wiki
出来事,に,巻き込まれる,wiki
前,に,付く,wiki
アクセント,が,付く,wiki
パターン,が,ある,wiki
アイヒマン,が,受ける,wiki
裁判,を,受ける,wiki
最中,に,する,wiki
命法,に,従う,wiki
哲学,を,引用する,wiki
根拠,と,する,wiki
共,に,見なす,wiki
親族,と,見なす,wiki
ハイチ,が,する,wiki
フランス語,を,する,wiki
公用語,と,する,wiki
語,と,なる,wiki
中心,に,話す,wiki
フランス語,と,呼ばれる,wiki
一派,を,話す,wiki
人々,が,存在する,wiki
諸島,に,点在する,wiki
フランス語,を,する,wiki
公用語,と,する,wiki
価値,を,持つ,wiki
人,が,生きる,wiki
顔,を,洗う,wiki
歯,を,磨く,wiki
髪,を,とかす,wiki
場所,で,食べる着替える,wiki
学校,で,する,wiki
勉強,を,する,wiki
宿題,を,する,wiki
仕事,を,する,wiki
仕事場,で,する,wiki
仕事,を,する,wiki
仕事場,に,行く,wiki
仕事,を,する,wiki
農業,を,する,wiki
畑,で,する,wiki
仕事,を,する,wiki
出荷,を,する,wiki
整備,を,する,wiki
漁業,に,携わる,wiki
漁,に,出る,wiki
手入れ,を,する,wiki
場所,で,過ごす,wiki
こと,を,する,wiki
場所,で,取る,wiki
昼食,を,取る,wiki
場所,で,取る,wiki
夕食,を,取る,wiki
トイレ,に,入る,wiki
シャワー,を,浴びる,wiki
風呂,に,入る,wiki
着,を,着る,wiki
場所,で,見る,wiki
テレビ,を,見る,wiki
YouTube,を,見る,wiki
SNS,を,チェックする,wiki
酒,を,飲む,wiki
場所,で,付く,wiki
眠り,に,付く,wiki
行動,が,呼ばれる,wiki
日常生活,と,呼ばれる,wiki
名,を,冠する,wiki
代表者,と,なる,wiki
年,に,務める,wiki
代表,を,務める,wiki
部門,が,設けられる,wiki
議論,を,経る,wiki
対象,に,含まれる,wiki
物,と,する,wiki
拡張,を,行う,wiki
課程,が,延びる,wiki
制,と,なる,wiki
無料,と,される,wiki
無料化,が,進展する,wiki
教育,が,無料化される,wiki
教育,が,無料化される,wiki
教員,が,兼任する,wiki
教師,を,兼任する,wiki
こと,が,行われる,wiki
u,を,発音する,wiki
ディエレシス,を,使用する,wiki
弾丸,を,発射する,wiki
敵,を,撃破する,wiki
宣言,を,する,wiki
各地,で,占拠,wiki
兵士,を,使う,wiki
進軍,を,行う,wiki
理解,を,求める,wiki
追究,を,する,wiki
重点,を,置く,wiki
議論,を,敬遠する,wiki
宗教,に,携わる,wiki
業績,を,残す,wiki
実践,を,重んじる,wiki
人,を,助ける,wiki
こと,を,実行する,wiki
物,に,捕らわれる,wiki
哲学,を,する,wiki
詭弁,で,追い込む,wiki
他人,を,追い込む,wiki
袋小路,に,追い込む,wiki
人,を,見る,wiki
哲学者,を,眺める,wiki
目,で,眺める,wiki
尊敬,を,集める,wiki
新車,が,デビューする,wiki
スペック,と,言う,wiki
テーベ,を,する,wiki
中心,と,する,wiki
団,が,増す,wiki
勢力,を,増す,wiki
ヘリホル,が,立てる,wiki
テーベ,に,立てる,wiki
こと,で,分裂する,wiki
南北,に,分裂する,wiki
年,に,成立する,wiki
首都,を,移す,wiki
ペル・ラムセス,から,移す,wiki
国家,に,及ぼす,wiki
宗主権,を,及ぼす,wiki
世,が,開く,wiki
エジプト,に,開く,wiki
王朝,を,開く,wiki
国家,を,併合する,wiki
再統一,を,果たす,wiki
司祭,が,独立する,wiki
エジプト,に,分立する,wiki
王,が,分立する,wiki
混乱,を,極める,wiki
ヌビア,が,拡大する,wiki
勢力,を,拡大する,wiki
ピアンキ,が,進撃する,wiki
ヌビア,から,進撃する,wiki
全土,を,制圧する,wiki
王朝,を,開く,wiki
メソポタミア,に,築く,wiki
帝国,を,築く,wiki
圧迫,に,さらされる,wiki
侵入,を,受ける,wiki
奪回,に,成功する,wiki
軍,に,落とされる,wiki
テーベ,を,落とされる,wiki
楽器,で,注目される,wiki
呼称,を,持つ,wiki
共鳴器,を,つける,wiki
類,と,分布する,wiki
影響下,に,ある,wiki
弦楽器,を,使用する,wiki
島,が,存在する,wiki
砂漠,に,なる,wiki
南東,に,続く,wiki
丘陵,が,続く,wiki
丘陵,から,広がる,wiki
平野,が,広がる,wiki
景色,が,変化する,wiki
植物,が,みられる,wiki
岩肌,が,なる,wiki
剥き出し,に,なる,wiki
砂漠,が,広がる,wiki
砂漠,で,占められる,wiki
年,に,かける,wiki
優勝,を,かける,wiki
最終戦,で,逃す,wiki
優勝,を,逃す,wiki
ショック,を,受ける,wiki
こと,を,やめる,wiki
ファン,と,なる,wiki
年,に,セ・リーグ制覇する,wiki
タイガース,を,応援する,wiki
イラスト,を,掲載する,wiki
漫画,を,描く,wiki
誌,で,描く,wiki
加盟,が,要請される,wiki
協力,で,導入する,wiki
ロシア,から,購入する,wiki
イスラエル,と,行く,wiki
演習,を,実施する,wiki
中国,と,実施する,wiki
演習,を,行う,wiki
加盟国,と,なる,wiki
大会,が,開催される,wiki
持ち回り,に,なる,wiki
地域,が,拡大する,wiki
範囲,を,拡大する,wiki
文字列,を,解釈する,wiki
技術,が,進歩する,wiki
原理,を,持つ,wiki
デカメロン,が,執筆される,wiki
プログラミング,を,導入する,wiki
影響,を,与える,wiki
とも,に,隣接する,wiki
州,と,隣接する,wiki
朝鮮民主主義人民共和国,と,接する,wiki
海峡,を,挟む,wiki
国土,が,広がる,wiki
大部分,に,広がる,wiki
こと,に,伴う,wiki
標準時,を,有する,wiki
倍,に,迫る,wiki
位,で,推移する,wiki
以下,に,脱落する,wiki
中小企業,が,担う,wiki
中心,を,担う,wiki
諸国,と,比較する,wiki
こと,から,増加する,wiki
ヨーロッパ,を,代表する,wiki
歴史,を,持つ,wiki
パパ,が,入る,wiki
気,に,入る,wiki
パパ,が,する,wiki
藤七,を,する,wiki
モデル,に,する,wiki
本人,が,する,wiki
コスプレ,を,する,wiki
リヨ,と,される,wiki
時代,を,回顧する,wiki
実母,が,描かれる,wiki
顔,で,描かれる,wiki
影響下,に,ある,wiki
関係,に,入る,wiki
国家,に,指定される,wiki
欲求,と,発展する,wiki
物,と,する,wiki
欲求,が,行わせる,wiki
行為,を,行わせる,wiki
為,に,利用出来る,wiki
行為,を,行う,wiki
判断,に,影響する,wiki
目的,が,判断される,wiki
目的,に,付随する,wiki
効果,から,導かれる,wiki
物,に,付随する,wiki
目的,から,導かれる,wiki
場合,が,ある,wiki
本,を,読む,wiki
好奇心,を,満たす,wiki
LAN,を,利用する,wiki
ノートパソコン,に,配信する,wiki
情報,を,配信する,wiki
データ,に,基づく,wiki
上,に,構築する,wiki
システム,を,構築する,wiki
こと,で,理解する,wiki
構造,を,理解する,wiki
パラメーター,を,変化させる,wiki
代わり,と,する,wiki
必勝法,が,ある,wiki
こと,が,知られる,wiki
構造,を,解説する,wiki
打鍵,に,連動する,wiki
ダンパー,が,上がる,wiki
共,に,振動させる,wiki
ハンマー,が,叩く,wiki
弦,を,叩く,wiki
板,に,拡大される,wiki
ダンパー,が,あげられる,wiki
響き,を,作り出す,wiki
鍵,から,離す,wiki
手,を,離す,wiki
ダンパー,が,おる,wiki
振動,が,止められる,wiki
障害者,を,持つ,wiki
人々,が,行う,wiki
種類,が,ある,wiki
気持ち,に,なれる,wiki
効率,を,上げる,wiki
こと,が,行われる,wiki
コピー,を,保持する,wiki
状態,に,する,wiki
コンテンツ,を,リクエストする,wiki
効果,が,期待出来る,wiki
レプリカ,を,作る,wiki
レプリカ,を,作る,wiki
内,に,作る,wiki
レプリカ,から,追い出す,wiki
実装,に,なる,wiki
物,と,理解される,wiki
権利,に,相当する,wiki
一体,を,成す,wiki
権利,を,譲渡する,wiki
他人,に,譲渡する,wiki
著作権,が,放棄される,wiki
権,を,設定する,wiki
状態,と,理解される,wiki
語彙,を,分類する,wiki
出自,から,分類する,wiki
混種語,に,分けられる,wiki
種類,を,言う,wiki
音,を,用いる,wiki
言語,から,取り入れる,wiki
日,に,行われる,wiki
式,が,行われる,wiki
場所,より,使用される,wiki
臨時,に,設ける,wiki
設備,を,設ける,wiki
日,より,発表される,wiki
番付,が,発表される,wiki
場所,が,なる,wiki
延期,と,なる,wiki
開催,と,なる,wiki
経緯,が,ある,wiki
暴動,が,頻発する,wiki
不満,が,発展する,wiki
暴動,に,発展する,wiki
改革,を,進める,wiki
代わり,に,転換する,wiki
組織,を,温存する,wiki
方向,に,転換する,wiki
内相,に,就任する,wiki
衝突,で,死亡する,wiki
以上,が,死亡する,wiki
国民,が,望む,wiki
用意,が,ある,wiki
月,に,述べる,wiki
AI,を,する,wiki
神,と,する,wiki
実現,を,促進する,wiki
崇拝,を,通す,wiki
社会,を,する,wiki
こと,に,貢献する,wiki
レバンドウスキー,が,盗用する,wiki
機密情報,を,盗用する,wiki
こと,を,訴える,wiki
裁判,を,行う,wiki
世界,を,征服する,wiki
振る舞い,を,示す,wiki
表題作,を,含める,wiki
作品,を,集める,wiki
ゲーム,を,含む,wiki
並べ,を,含む,wiki
道具,を,する,wiki
必要,と,する,wiki
じゃんけん,を,含む,wiki
機器,を,する,wiki
必要,と,する,wiki
要素,を,含む,wiki
両方,に,関係する,wiki
運,を,結合する,wiki
全て,を,結合する,wiki
要素,に,関係する,wiki
氏,を,後置する,wiki
婚前,に,手続きしない,wiki
氏,を,保持する夫婦別姓,wiki
必要,と,なる,wiki
夫婦,が,合意できない,wiki
姓,と,なる,wiki
規定,が,ある,wiki
子,が,名乗る,wiki
姓,を,名乗る,wiki
ケース,を,認める,wiki
差別,を,なくす,wiki
意味合い,が,ある,wiki
一日,より,なる,wiki
子音,が,重なる,wiki
衝撃,を,受ける,wiki
陸上部,に,入る,wiki
態度,が,なる,wiki
部,へ,転入,wiki
拓郎,に,のめり込む,wiki
拓郎,が,受ける,wiki
影響,を,受ける,wiki
研究,を,始める,wiki
後,に,活かされる,wiki
ケンジ,が,かける,wiki
放送,で,かける,wiki
曲,を,かける,wiki
こと,を,する,wiki
先輩,に,おる,wiki
哲哉,が,おる,wiki
小室,が,所属する,wiki
スペイン語,で,使われる,wiki
vos,が,用いられる,wiki
意味,に,成り代わる,wiki
全国,で,使われる,wiki
AS,が,使用される,wiki
ustedes,が,使用される,wiki
複数形,で,使われる,wiki
vds,が,使われる,wiki
V,が,わかれる,wiki
子音,に,わかれる,wiki
違い,が,ある,wiki
tú,を,使う,wiki
こと,が,ある,wiki
部下,が,使う,wiki
tú,を,使う,wiki
tú,を,使う,wiki
人,に,限られる,wiki
tú,を,使う,wiki
竹本,が,関連する,wiki
方面,で,作品展開される,wiki
年,に,掛ける,wiki
作品,が,放映される,wiki
此れ,に,先行する,wiki
こと,が,挙げられる,wiki
こと,と,言う,wiki
用,に,用意される,wiki
太郎,が,登場する,wiki
版,に,登場する,wiki
変遷,を,研究する,wiki
賞,で,受賞する,wiki
部門,を,受賞する,wiki
位,に,入る,wiki
年,に,発表する,wiki
誌,が,発表する,wiki
年,に,発表する,wiki
同誌,が,発表する,wiki
位,に,ランクインする,wiki
世紀,に,オンエアされる,wiki
ラジオ,で,オンエアされる,wiki
オンエアー,で,ランクインされる,wiki
位,に,ランクインされる,wiki
利害,を,調整する,wiki
秩序,を,維持する,wiki
生活,を,行う,wiki
制度,が,定められる,wiki
一般,に,生み出す,wiki
政治,が,生み出す,wiki
法,に,基づく,wiki
制限,が,加えられる,wiki
秩序,を,乱す,wiki
内,で,罰せられる,wiki
永久,に,排除される,wiki
社会,で,認知される,wiki
人間,が,持つ,wiki
制限,を,加える,wiki
常,に,なる,wiki
対象,と,なる,wiki
制度,に,基づく,wiki
負担,と,なる,wiki
アメリカ軍,が,達する,wiki
郊外,に,達する,wiki
軍,が,達する,wiki
部,に,達する,wiki
解放,が,実現する,wiki
部隊,を,指揮する,wiki
ヒトラー,から,破壊する,wiki
パリ,を,破壊する,wiki
此れ,を,拒む,wiki
部隊,を,退却させる,wiki
無抵抗,で,退却させる,wiki
号,を,贈られる,wiki
区別,が,失われる,wiki
弦,を,張る,wiki
ペダル,を,踏む,wiki
時,に,共鳴する,wiki
長,が,ある,wiki
内戦,に,勝利する,wiki
憲法,を,改正する,wiki
権力,を,固める,wiki
クーデター,が,起こる,wiki
ドイツ,から,守る,wiki
独立,を,守る,wiki
軍,が,侵入する,wiki
全土,を,占領する,wiki
ナチス,が,掌握する,wiki
政権,を,掌握する,wiki
日,に,宣言される,wiki
ヒトラー,が,統一させる,wiki
母国,を,統一させる,wiki
ドイツ,と,統一させる,wiki
トルコ共和国,で,行われる,wiki
国,に,与える,wiki
衝撃,を,与える,wiki
着想,を,得る,wiki
行進曲,を,製作する,wiki
多様性,を,観察する,wiki
形態,を,見る,wiki
産業,に,注目する,wiki
工業,を,扱う,wiki
商業,を,扱う,wiki
行動,に,注目する,wiki
展開,に,注目する,wiki
小売業,を,扱う,wiki
活動,が,齎す,wiki
問題,を,論じる,wiki
関わり,で,論じる,wiki
地理学,が,現れる,wiki
段階,に,ある,wiki
首脳,が,開催される,wiki
テヘラン,で,開催される,wiki
会談,が,開催される,wiki
書,に,行われる,wiki
署名,が,行われる,wiki
舞台,が,整えられる,wiki
運動,が,高揚する,wiki
日,に,樹立される,wiki
共和国,が,樹立される,wiki
共,に,再統合される,wiki
中,に,再統合される,wiki
イラン,に,再統合される,wiki
近年,に,なる,wiki
開発,が,進み始める,wiki
色,で,描かれる,wiki
西端,から,伸びる,wiki
北,に,伸びる,wiki
範囲,に,加える,wiki
沿岸,に,見られる,wiki
問題,が,整理される,wiki
問題,を,研究する,wiki
一方,で,扱う,wiki
要素,を,含む,wiki
問題,を,扱う,wiki
問題,を,扱わない,wiki
問題,を,扱わない,wiki
自体,に,ある,wiki
問題,が,ある,wiki
年,に,掲載する,wiki
ピアノ,を,称賛する,wiki
記事,を,掲載する,wiki
新聞,に,掲載する,wiki
達,に,与える,wiki
切っ掛け,を,与える,wiki
追加,を,除く,wiki
ジルバーマン,が,開発する,wiki
ダンパー,を,取り外す,wiki
一度,に,取り外す,wiki
気候,と,洗濯する,wiki
洗濯板,が,付く,wiki
式,が,される,wiki
主流,と,される,wiki
東京都練馬区南大泉,に,所在する,wiki
惠子,が,誘う,wiki
望都,を,誘う,wiki
達,が,慕う,wiki
二人,を,慕う,wiki
場所,に,なる,wiki
荘,が,手塚治虫,wiki
天才,を,成立する,wiki
望都,が,成す,wiki
中核,を,成す,wiki
同時,に,失われる,wiki
基盤,が,失われる,wiki
意義,を,持つ,wiki
混迷,を,深める,wiki
クーン,が,確立する,wiki
他方,で,掛かる,wiki
問題,が,問われる,wiki
其れ,を,捩る,wiki
造語,を,使用する,wiki
遺言,で,指定される,wiki
つ,で,行う,wiki
発見,を,行う,wiki
人,に,授与される,wiki
ペニシリン,を,発見する,wiki
構造,を,発見する,wiki
繋がり,が,ある,wiki
沿い,に,ある,wiki
スポーツセンター,に,隣接する,wiki
音階,を,使う,wiki
日本,と,共通する,wiki
声,に,よる,wiki
節回し,を,する,wiki
特徴,と,する,wiki
音階,に,含まれる,wiki
ホーミー,と,呼ばれる,wiki
演奏者,が,発声する,wiki
同時,に,発声する,wiki
声,を,発声する,wiki
奥,で,発せられる,wiki
低音,に,含まれる,wiki
倍音,を,調整する,wiki
形,を,調整する,wiki
音,で,作る,wiki
旋律,を,作る,wiki
草原,で,届かせる,wiki
声,を,届かせる,wiki
音楽,を,持つ,wiki
雑貨店,が,並ぶ,wiki
日本人,が,住む,wiki
下,に,始まる,wiki
基礎,が,築かれる,wiki
ウラン,が,提供される,wiki
革命,で,なる,wiki
政権,に,なる,wiki
代,に,結ぶ,wiki
協定,を,結ぶ,wiki
移転,を,目指す,wiki
開発,を,始める,wiki
秘密裏,に,行く,wiki
年,に,暴露される,wiki
理事会,から,求められる,wiki
停止,を,求められる,wiki
対立,が,起きる,wiki
時期,に,合わせる,wiki
過去,に,行く,wiki
未来,に,行く,wiki
大人,に,なる,wiki
スペイン語,と,呼ばれる,wiki
表記,を,略す,wiki
西語,と,表記される,wiki
内,で,使う,wiki
言語,を,使う,wiki
意味,で,使われる,wiki
カスティリャ,から,受け継ぐ,wiki
意味,で,用いられる,wiki
時,に,読む,wiki
待合室,で,読む,wiki
号,に,掲載される,wiki
衝撃,を,受ける,wiki
名前,を,確認する,wiki
そこ,から,なる,wiki
ファン,に,なる,wiki
単行本,が,出る,wiki
掲載誌,を,入手する,wiki
古本屋,を,捜し回る,wiki
絵,で,描く,wiki
ギャグ,を,描く,wiki
前後,に,なる,wiki
巻,に,綴る,wiki
思い,を,綴る,wiki
文章,を,寄稿する,wiki
法,が,否定する,wiki
付与,を,否定する,wiki
場合,が,ある,wiki
理論,を,発表される,wiki
理論,が,発表される,wiki
能力,に,基づく,wiki
レベル,に,移る,wiki
長所,を,取り入れる,wiki
初期,に,設計される,wiki
競技,に,入れる,wiki
力,を,入れる,wiki
生徒,が,残す,wiki
成績,を,残す,wiki
以前,から,軽視する,wiki
アカデミズム,を,軽視する,wiki
物,を,批判する,wiki
学会,で,発表せず,wiki
研究,を,発表せず,wiki
本,を,出版する,wiki
メディア,で,発言する,wiki
人,から,批評される,wiki
思想,を,持つ,wiki
第三者,から,受けない,wiki
査読,を,受けない,wiki
指摘,が,される,wiki
付属語,で,ある,wiki
物,を,称する,wiki
助動詞,と,称する,wiki
気,を,引かれる,wiki
花,が,笑う,wiki
情報,を,加える,wiki
役割,を,持つ,wiki
助動詞,を,認めず,wiki
動詞,から,分出される,wiki
接尾語,と,する,wiki
助動詞,を,認めない,wiki
一部,と,する,wiki
権能,を,持つ,wiki
認可,を,行う,wiki
人,から,なる,wiki
審査,が,行われる,wiki
リスト,に,掲載されない,wiki
人,が,届け出る,wiki
立候補,を,届け出る,wiki
審査,で,なる,wiki
人,が,なる,wiki
失格,と,なる,wiki
議会,が,反映する,wiki
本当,に,反映する,wiki
民意,を,反映する,wiki
承認,を,する,wiki
必要,と,する,wiki
綱,に,含まれる,wiki
初期,に,分岐する,wiki
蒴,から,分離する,wiki
蓋,が,分離する,wiki
蘚類,に,大別される,wiki
系統,と,なる,wiki
等,と,持たない,wiki
蒴歯,を,持たない,wiki
種,から,なる,wiki
綱,が,なる,wiki
群,と,なる,wiki
報道,に,照らす,wiki
物,と,見られる,wiki
自身,が,決める,wiki
商号,に,用いる,wiki
英数,を,用いる,wiki
演算,を,施す,wiki
文字列,を,する,wiki
集合,と,する,wiki
文字列,を,逆転させる,wiki
言語,に,含まれる,wiki
文字列,を,連結する,wiki
組み合わせ,で,連結する,wiki
言語,に,施す,wiki
定義,を,参照されたい,wiki
順序,に,言及する,wiki
表層,に,あらわれない,wiki
構造,から,生まれる,wiki
此れ,を,呼ぶ,wiki
此処,で,する,wiki
複数形,に,ある,wiki
意味,が,ある,wiki
対象,を,モデル化するこの作業,wiki
数式,で,モデル化するこの作業,wiki
機構,を,持つ,wiki
必要,が,ある,wiki
等,と,比較する,wiki
特徴,が,なる,wiki
工数,を,押さえる,wiki
柔軟性,を,出来る,wiki
利点,が,ある,wiki
制御,を,改善する,wiki
程度,で,迎える,wiki
限界,を,迎える,wiki
データ,が,与えられる,wiki
限界,が,ある,wiki
自治権,を,与える,wiki
公用語,を,複数制定する,wiki
不満,を,宥める,wiki
自治権,を,与える,wiki
年,に,設立される,wiki
共同体,が,設立される,wiki
変更,を,経る,wiki
国家,と,なる,wiki
公用語,を,複数制定する,wiki
公用語,が,なる,wiki
制,と,なる,wiki
国語,と,される,wiki
言語,を,用いる,wiki
州,を,再編する,wiki
政策,を,取る,wiki
方法,で,挑む,wiki
互い,に,挑む,wiki
相手,に,干渉する,wiki
関係,を,見る,wiki
一般,に,なる其の,wiki
音色,に,なる其の,wiki
張力,を,増さず,wiki
中,で,確保する,wiki
長,を,確保する,wiki
弦,を,分ける,wiki
グループ,に,分ける,wiki
上,に,張られる,wiki
段差,を,持つ,wiki
平面,が,交差する,wiki
角度,を,持つ,wiki
フレーム,に,植えられる,wiki
チューニングピン,で,張られる,wiki
ピアノ,が,なる,wiki
音量,を,出す,wiki
張力,に,耐える,wiki
選挙,で,当選する,wiki
ウィドド,が,就任する,wiki
大統領,に,就任する,wiki
中央,に,位置する,wiki
日,に,行われる,wiki
案,を,可決する,wiki
多数,で,可決する,wiki
名,を,する,wiki
こと,を,発表する,wiki
同年,から,進める,wiki
作業,を,進める,wiki
事,を,予定する,wiki
初め,と,する,wiki
肉,を,食べる,wiki
生,を,生きる,wiki
湧太,と,描く,wiki
運命,を,描く,wiki
感情,を,制御する,wiki
思想,を,認めない,wiki
精神,に,宿る,wiki
身体,を,支配する,wiki
否定,を,包含する,wiki
物,と,する,wiki
意志,と,解される,wiki
22,に,所在する,wiki
大家,を,する,wiki
経営,に,行き詰まる,wiki
業,から,引く,wiki
手,を,引く,wiki
漫画家,を,経る,wiki
しげる,に,繋がる,wiki
一線,を,画する,wiki
本,に,なる,wiki
料理,が,食べられる,wiki
串焼き,に,する,wiki
料理,と,共通する,wiki
創意,に,富む,wiki
サッカー,が,なる,wiki
スポーツ,と,なる,wiki
年,に,創設される,wiki
リーグ,が,創設される,wiki
SC,が,果たす,wiki
優勝,を,果たす,wiki
優勝,を,数える,wiki
マフムード,が,おる,wiki
代表,を,導く,wiki
4,に,導く,wiki
活躍,を,見せる,wiki
立て役者,と,なる,wiki
MVP,を,W受賞する,wiki
人口,が,増える,wiki
広範囲,に,及ぶ,wiki
影響,を,受ける,wiki
半島,で,始まる,wiki
ヨーロッパ,から,伝う,wiki
渓谷,を,伝う,wiki
頃,に,伝播する,wiki
ヨーロッパ,から,達する,wiki
技術,が,伝わる,wiki
隆盛,が,転換させる,wiki
ヨーロッパ,を,転換させる,wiki
遺跡,が,建設される,wiki
南ヨーロッパ,で,建設される,wiki
文化,が,担い始まる,wiki
性,を,備える,wiki
観察,を,行う,wiki
毎,に,決まる,wiki
仮名遣い,が,決まる,wiki
こと,が,される,wiki
仮名遣い,を,実行する,wiki
後,に,舵取り,wiki
恐怖,を,体験する,wiki
見方,を,強める,wiki
凡庸性,を,防ぐ,wiki
プラトン,と,類似する,wiki
ポリス,が,例証する,wiki
こと,を,例証する,wiki
思想,に,反対する,wiki
概念,を,反映する,wiki
自分,で,教えられる,wiki
自分,で,教える,wiki
自分,で,教えられない,wiki
専門家,を,紹介する,wiki
音楽,を,聞く,wiki
集中力,が,ある,wiki
こと,を,示す,wiki
音,が,含まれる,wiki
思い出,を,掻き立てる,wiki
気分,を,高める,wiki
雰囲気,を,作り出す,wiki
創造性,に,関与する,wiki
情報,を,吸収する,wiki
能力,を,高める,wiki
館,が,残る,wiki
住民,が,住む,wiki
ゲーム,が,付けられる,wiki
規則,が,左右される,wiki
ルール,に,左右される,wiki
ゲーム,を,生じさせる,wiki
ゲーム,を,する,wiki
ゲーム,が,関係する,wiki
変更,に,関係する,wiki
規則,が,存在する,wiki
号,に,掲げる,wiki
独立行政法人,が,作成する,wiki
近代,に,展開する,wiki
概念,と,関連させる,wiki
論,を,論じる,wiki
以下,で,記載する,wiki
向け,に,開発販売する,wiki
ソフトウェア,を,開発販売する,wiki
形,で,成す,wiki
哲学者,と,呼ばれる,wiki
説明,を,目論む,wiki
意味,で,用いられる,wiki
等,に,相当する,wiki
分野,を,指す,wiki
言葉,が,使われる,wiki
今,から,振り返る,wiki
部分,を,区別する,wiki
作為,を,含まない,wiki
こと,を,する,wiki
主眼,と,する,wiki
張力,を,調整する,wiki
ピアノ,が,調律される,wiki
平均律,で,調律される,wiki
弦楽器,に,比べる,wiki
以外,に,調律される,wiki
純正律,に,調律される,wiki
ピアノ,を,用いる,wiki
作品,が,あるinc,wiki
こと,が,要求される,wiki
音,に,聞こえる,wiki
倍音,に,基づく,wiki
コンサート,に,用いる,wiki
技能,が,要求される,wiki
調律,を,断られる,wiki
場合,が,ある,wiki
レンタル,が,なる,wiki
次,に,産しない,wiki
こと,が,挙げられる,wiki
とも,に,傷付く,wiki
為,に,傷付く,wiki
表面,が,傷付く,wiki
稜,が,帯びる,wiki
丸み,を,帯びる,wiki
価値,が,失われる,wiki
こと,に,注意されたい,wiki
希少性,から,扱われる,wiki
石松,が,合わせる,wiki
歌唱,に,合わせる,wiki
描写,が,ある,wiki
自ら,が,演じる,wiki
パロディー,を,演じる,wiki
描写,が,ある,wiki
虎,に,喋らせる,wiki
語,を,喋らせる,wiki
ピーマン,が,描かれる,wiki
紙,が,散らばる,wiki
世界,を,する,wiki
舞台,に,する,wiki
空,を,飛ぶ,wiki
速度,を,測る,wiki
速度,を,測る,wiki
とも,に,併記される,wiki
フランス語,が,併記される,wiki
関係,で,残る,wiki
地名,が,残る,wiki
各地,に,残る,wiki
スペイン語,が,なる,wiki
公用語,と,なる,wiki
諸国,を,持つ,wiki
ルーツ,に,持つ,wiki
時代,から,存在する,wiki
移民,が,増加する,wiki
英語,に,加える,wiki
スペイン語,が,なる,wiki
言語,と,なる,wiki
状況,を,受ける,wiki
英語,が,急増する,wiki
スペイン語,を,学ぶ,wiki
人,が,急増する,wiki
広場,を,結ぶ,wiki
此処,が,なる,wiki
目的地,と,なる,wiki
パレード,が,行われる,wiki
SF,を,する,wiki
メイン,に,する,wiki
連載,に,なる,wiki
話,が,進む,wiki
ギャグ,を,する,wiki
サブ,に,する,wiki
作風,に,変化させる,wiki
後半,に,行く,wiki
要素,を,押さえる,wiki
そこ,に,絡ませる,wiki
世界観,を,打ち出す,wiki
作品,と,なる,wiki
一部,が,引き継がれる,wiki
日,に,行われる,wiki
シシー,が,当選する,wiki
大統領,に,就任する,wiki
プロジェクト,を,推し進める,wiki
東側,に,向こう,wiki
ドル,を,投じる,wiki
こと,を,する,wiki
中心,と,なる,wiki
間,に,建設される,wiki
行政,を,担う,wiki
覚え書き,を,交わす,wiki
月,に,開始する,wiki
工事,を,開始する,wiki
代わり,に,位置づける,wiki
政府,が,匹敵する,wiki
ピラミッド,に,匹敵する,wiki
ランドマーク,と,位置づける,wiki
経済,を,担う,wiki
地区,を,請け負う,wiki
企業,が,請け負う,wiki
月,に,着工する,wiki
ラシュディ,が,書く,wiki
反発,を,招く,wiki
月,に,起きる,wiki
此れ,を,訳す,wiki
鬼子母神,が,ある,wiki
日,に,かける,wiki
朝顔,を,買い求める,wiki
成り立ち,が,異なる,wiki
点,で,同義,wiki
記憶,に,残る,wiki
複合語,に,分ける,wiki
語,が,合わさる,wiki
熟語,と,総称される,wiki
字音,を,複合させる,wiki
語,と,認識される,wiki
節,で,触れる,wiki
語種,が,合わさる,wiki
複合語,と,言う,wiki
強化,を,する,wiki
始め,と,する,wiki
状況,に,なる,wiki
参加者,が,なる,wiki
規模,と,なる,wiki
参加者,が,逮捕される,wiki
当局,に,逮捕される,wiki
同国,を,訪れる,wiki
トラブル,を,回避する,wiki
こと,を,心掛ける,wiki
必要性,が,求められる,wiki
内陸,に,位置する,wiki
チェコ,と,隣接する,wiki
中欧,と,される,wiki
東欧,に,分類される,wiki
言語,に,引き継がれる,wiki
系統,に,属する,wiki
水,を,被る,wiki
少女,に,なる,wiki
同士,が,決める,wiki
茜,を,する,wiki
中心,と,する,wiki
ルール,に,則る,wiki
優劣,を,競う,wiki
現実,と,乖離する,wiki
位相,を,作り出す,wiki
場合,が,ある,wiki
言葉遣い,を,称する,wiki
位相,を,反映する,wiki
感じ,を,与える,wiki
現代,に,始まる,wiki
例,が,認められる仮名垣魯文西洋道中膝栗毛,wiki
許諾,を,含まない,wiki
物,と,する63条4項,wiki
記念,で,出版される,wiki
身体,を,飾る,wiki
身体,に,開ける,wiki
穴,を,開ける,wiki
装飾,を,指す,wiki
一人,で,行う,wiki
競技,を,行う,wiki
複数人,が,行う,wiki
成績,で,競う,wiki
数,を,競う,wiki
前,に,生ける,wiki
花,を,生ける,wiki
花,を,見る,wiki
アイデア,を,考える,wiki
衣,を,着る,wiki
音楽,に,関係する,wiki
側頭葉,を,電気刺激する,wiki
音楽,を,体験する,wiki
野,を,含む,wiki
側頭葉,が,関係する,wiki
日本刀,を,挟む,wiki
両掌,で,挟む,wiki
攻撃,を,防ぐ,wiki
主人公,が,守る,wiki
攻撃,から,守る,wiki
身,を,守る,wiki
時,に,用いられる,wiki
伝統,と,なる,wiki
背景,に,対抗する,wiki
年,に,ワルシャワ条約機構WTO,wiki
諸国,を,なる,wiki
盟主,と,なる,wiki
体制,を,強要する,wiki
アメリカ合衆国,を,する,wiki
盟主,と,する,wiki
冷戦,を,繰り広げる,wiki
連邦共和国,が,離反する,wiki
ソ連,から,離反する,wiki
年,に,行われる,wiki
批判,が,行われる,wiki
路線,を,進める,wiki
ハンガリー人民共和国,で,発生する,wiki
動乱,が,発生する,wiki
妥協,を,批判する,wiki
毛沢東,が,率いる,wiki
思想,に,共鳴する,wiki
離反,を,招く,wiki
年,に,握る,wiki
ブレジネフ,が,握る,wiki
主導権,を,握る,wiki
アメリカ合衆国,と,戦う,wiki
ベトナム,を,支援する,wiki
チェコスロバキア社会主義共和国,で,始まる,wiki
島,を,巡る,wiki
紛争,を,戦う,wiki
代,に,入る,wiki
矛盾,が,露呈する,wiki
年,に,かける,wiki
アフガニスタン,を,侵略する,wiki
軍,が,急襲する,wiki
官邸,を,急襲する,wiki
隊,を,殺害する,wiki
年,に,なる,wiki
指導者,と,なる,wiki
冷戦,を,終結させる,wiki
ソ連,を,延命させる,wiki
グラスノスチ,を,掲げる,wiki
改革,に,取り組む,wiki
各地,で,噴出する,wiki
民族主義,が,噴出する,wiki
対立,が,激化する,wiki
パリ,を,横断する,wiki
用,に,開放される,wiki
通行,が,できない,wiki
家,に,いる,wiki
つ,が,合わさる,wiki
一部,と,なる,wiki
大陸,と,なる,wiki
大陸,と,なる,wiki
頃,に,形成,wiki
大陸,と,衝突する,wiki
大陸,が,形成,wiki
分断,が,始まる,wiki
大陸,に,別れ始める,wiki
ユーラシア,に,分裂する,wiki
グリーンランド,で,繋がる,wiki
行き来,が,ある,wiki
頃,から,形成される,wiki
現在,に,通じる,wiki
姿,が,形成される,wiki
遅く,に,形成される,wiki
中間,に,位置する,wiki
物,が,ある,wiki
後ろ,から,なる,wiki
番目,が,なる,wiki
アクセント,に,なる,wiki
ゲーム,で,行う,wiki
対戦,を,行う,wiki
コントローラー,が,付属する,wiki
二人,が,プレイ出来る,wiki
同時,に,プレイ出来る,wiki
ネットワーク,に,つながない,wiki
対戦,を,楽しむ,wiki
ゲーム,と,言う,wiki
車,を,ぶつけ合う,wiki
城,を,好む,wiki
ロワール,に,築く,wiki
城,を,築く,wiki
近郊,に,発展させる,wiki
宮殿,を,発展させる,wiki
年,に,定める,wiki
パリ,を,定める,wiki
居城,と,定める,wiki
学術,が,発展する,wiki
教育課程,に,加えられる,wiki
王,が,望む,wiki
科学,が,研究される,wiki
信,が,生み出す,wiki
スポット,が,ある,wiki
各地,に,ある,wiki
海外,から,訪れる,wiki
観光客,が,訪れる,wiki
遺産,に,登録される,wiki
ヘロドトス,が,記す,wiki
言葉,を,記す,wiki
氾濫,に,負う,wiki
多く,を,負う,wiki
モンスーン,が,起こす,wiki
高原,に,起こす,wiki
影響,で,起こす,wiki
氾濫,を,起こす,wiki
氾濫,が,起きない,wiki
時期,に,起こる,wiki
増水,が,起こる,wiki
高原,から,流れる,wiki
土壌,を,蓄積させる,wiki
原,に,蓄積させる,wiki
頃,に,引く,wiki
農耕,に,適する,wiki
土壌,が,得られる,wiki
水路,を,掘る,wiki
水,を,ためる,wiki
方式,と,呼ばれる,wiki
外国,から,伝わる,wiki
エジプト文明,に,与える,wiki
影響,を,与える,wiki
切っ掛け,と,なる,wiki
文明,に,与える,wiki
影響,を,与える,wiki
軌跡,を,描く,wiki
条約,で,放棄する,wiki
領土,を,放棄する,wiki
条約,に,調印する,wiki
ユジノサハリンスク,に,設置する,wiki
総領事館,を,設置する,wiki
総領事館,が,位置する,wiki
はじめ,と,する,wiki
請求権,を,放棄する,wiki
此れ,を,承継する,wiki
ロシア,が,及ぼす,wiki
支配,を,及ぼす,wiki
主張,を,行う,wiki
樺太,を,含む,wiki
地域,を,する,wiki
地域,と,する,wiki
総領事館,を,設置する,wiki
スタインウェイ,が,調律する,wiki
年,に,取得する,wiki
特許,を,取得する,wiki
長,に,続く,wiki
関係,に,調律する,wiki
振動,を,制御する,wiki
年,に,開発される,wiki
社,で,開発される,wiki
振動,を,使う,wiki
響き,を,整える,wiki
技術,を,開発する,wiki
年,に,開発する,wiki
文学部,で,教育研究される,wiki
地理学,が,教育研究される,wiki
理学部,で,行う,wiki
研究,を,行う,wiki
オノマトペ,が,作られる,wiki
漫画,を,英訳する,wiki
語,に,なる,wiki
翻訳者,が,なる,wiki
お手上げ,に,なる,wiki
アメリカ,で,売る,wiki
漫画,を,売る,wiki
擬音,を,訳す,wiki
スタッフ,が,悩む,wiki
こと,を,述べる,wiki
こと,が,出る,wiki
明るみ,に,出る,wiki
メディア,で,取り上げられる,wiki
コメント,を,する,wiki
議員,が,する,wiki
委員会,で,する,wiki
総理大臣,に,する,wiki
ホームレス,を,する,wiki
拒否,を,する,wiki
質問,を,する,wiki
被災者,を,受け入れる,wiki
こと,が,ある,wiki
リハビリ,に,携わる,wiki
用語,を,使う,wiki
人々,が,行く,wiki
動作,に,払う,wiki
注意,を,払う,wiki
行動,で,行われる,wiki
動作,を,指す,wiki
日常生活,を,送る,wiki
こと,が,なる,wiki
欠点,と,見なされる,wiki
部分,を,解消する,wiki
言語,が,構想される,wiki
歴史,が,ある,wiki
言語,が,生み出される,wiki
事情,が,ある,wiki
ハードウェア,が,変化する,wiki
とも,に,変化する,wiki
仲間,から,なる,wiki
合奏,が,確立する,wiki
そこ,に,伝わる,wiki
西域,から,伝わる,wiki
音楽,が,伝わる,wiki
物,が,整理される,wiki
宮廷,で,演奏される,wiki
半島,に,伝えられる,wiki
発展,を,遂げる,wiki
音楽,が,発達する,wiki
存在,と,なる,wiki
名,で,伝わる,wiki
大陸,から,伝わる,wiki
ジャンル,が,生まれる,wiki
劇,が,発達する,wiki
三弦,が,伝わる,wiki
アジア,から,伝わる,wiki
中国,に,伝わる,wiki
そこ,から,伝わる,wiki
下,と,なる,wiki
最高裁,に,上告する,wiki
上告,を,棄却する,wiki
判決,が,確定する,wiki
著作者,を,寄与する,wiki
創作,に,寄与する,wiki
著作者,を,認定する,wiki
個人,と,認定する,wiki
実名,で,表示される,wiki
表示,が,ある,wiki
期間,が,起算される,wiki
判断,を,示す,wiki
つ,に,大別出来る,wiki
装置,が,普及する,wiki
家庭,から,普及する,wiki
次第,に,普及する,wiki
装置,を,所有する,wiki
設定,で,なる,wiki
作品,が,なる,wiki
収益,を,得る,wiki
方法,が,増える,wiki
テレビ局,から,得る,wiki
料,を,得る,wiki
選択肢,が,生まれる,wiki
数,が,増える,wiki
次第,に,増える,wiki
ビデオテープ,を,貸す,wiki
者,が,登場する,wiki
方法,が,確立される,wiki
上映,が,認められる,wiki
線引き,に,関連する,wiki
裁判,と,なる,wiki
判決,が,下される,wiki
交渉,を,経る,wiki
向け,に,販売される,wiki
者,に,販売される,wiki
こと,で,する,wiki
収益,と,する,wiki
一部,を,分ける,wiki
者,に,分ける,wiki
テープ,が,レンタルされる,wiki
実際,に,レンタルされる,wiki
回数,を,報告する,wiki
会社,に,報告する,wiki
回数,と,連動する,wiki
形,で,増える,wiki
料金,を,支払う,wiki
契約,を,結ぶ,wiki
仕組み,が,定着する,wiki
業態,が,確立する,wiki
最初,から,せず,wiki
公開,を,せず,wiki
形,で,視聴される,wiki
こと,を,想定する,wiki
ブロードバンド,が,普及する,wiki
以外,に,なる,wiki
会社,が,なる,wiki
料,を,得る,wiki
最初,から,提供する,wiki
＂,を,製作する,wiki
日本,を,含む,wiki
各国,で,配信する,wiki
区分,が,ある,wiki
筐体,を,用いる,wiki
物,を,指す,wiki
種類,が,存在する,wiki
機,を,製造する,wiki
種類,が,存在する,wiki
企業,を,呼ぶ,wiki
サードパーティー,と,呼ぶ,wiki
前期,に,かける,wiki
日本人,が,移民する,wiki
社会,が,築かれる,wiki
日本語,が,使用される,wiki
世代,が,なる,wiki
若年,に,なる,wiki
日本語,を,解さない,wiki
人,が,増える,wiki
部,に,所属する,wiki
作品,に,受ける,wiki
衝撃,を,受ける,wiki
一方,で,続ける,wiki
教科書,に,乗る,wiki
ブーム,に,乗れず,wiki
漫画,に,失い掛ける,wiki
興味,を,失い掛ける,wiki
時,に,登場する,wiki
克洋,を,する,wiki
はじめ,と,する,wiki
群,に,感化される,wiki
情熱,を,取り戻す,wiki
医学,と,呼ぶ,wiki
各地,で,用いられる,wiki
販売,を,巡る,wiki
舞台,と,する,wiki
状態,に,陥る,wiki
退陣,に,至る,wiki
改革,を,実施する,wiki
拡大,が,なる,wiki
問題,と,なる,wiki
音節,に,ある,wiki
強勢,が,ある,wiki
以下,に,する,wiki
言語学,が,する,wiki
特徴,を,記す,wiki
身体,を,動かす,wiki
共,に,結成する,wiki
気候,に,属する,wiki
冷涼,で,乾燥する,wiki
度,を,越える,wiki
暑さ,と,なる,wiki
気温,が,続く,wiki
気温,が,観測される,wiki
死者,を,出す,wiki
時期,が,同居する,wiki
寒さ,と,なる,wiki
影響,を,受け易い,wiki
猿,を,見る,wiki
猿,を,見る,wiki
猿,を,見る,wiki
猿,を,見る,wiki
頃,より,示す,wiki
才能,を,示す,wiki
ラビ,と,なる,wiki
訓練,を,受ける,wiki
家業,を,手伝う,wiki
目的,に,尽くす,wiki
方,が,止める,wiki
商人,を,止める,wiki
映画館,が,普及する,wiki
映画,と,言う,wiki
中,で,投影する,wiki
スクリーン,に,投影する,wiki
作品,を,指す,wiki
世紀,に,遂げる,wiki
発展,を,遂げる,wiki
芸術,と,呼ぶ,wiki
水準,に,達する,wiki
演劇,に,比肩する,wiki
演劇,を,区別せず,wiki
分野,を,織り交ぜる,wiki
作品,を,創造する,wiki
太一,に,於く,wiki
夜,に,きかせる,wiki
文化,に,影響される,wiki
面,を,持つ,wiki
共有,が,ある,wiki
性質,を,反映する,wiki
著作,を,する,wiki
土台,と,する,wiki
情報,で,補強する,wiki
形,で,行われる,wiki
歴史,が,ある,wiki
大きさ,と,誇る,wiki
重さ,を,誇る,wiki
日曜日,に,行われる氏子,wiki
夜祭り,が,見物,wiki
界面活性剤,から,検索出来る,wiki
論文,が,検索出来る,wiki
伝統,を,持つ,wiki
状況,に,ある,wiki
国内,で,行われる,wiki
研究,が,行われる,wiki
研究者,が,参加する,wiki
こと,に,ある,wiki
特徴,が,ある,wiki
研究,から,移る,wiki
ベール,を,かぶらず,wiki
ファッション,が,見られる,wiki
代,に,復古する,wiki
共,に,復古する,wiki
代,に,勃発する,wiki
アルジェリア,で,勃発する,wiki
間,で,勃発する,wiki
内戦,が,勃発する,wiki
下,で,務める,wiki
アシスタント,を,務める,wiki
中心,に,活躍する,wiki
作風,から,感じる,wiki
限界,を,感じる,wiki
内容,を,含む,wiki
作品,を,掲載する,wiki
漫画誌,に,移す,wiki
場,を,移す,wiki
スポーツ,を,する,wiki
題材,に,する,wiki
描写,を,含む,wiki
作風,で,浴びる,wiki
注目,を,浴びる,wiki
人,が,いる,wiki
とも,に,する,wiki
対象,と,する,wiki
言語,を,する,wiki
対象,と,する,wiki
本質,に,迫り易い,wiki
構成員,に,限る,wiki
場合,で,限る,wiki
資格者,に,限る,wiki
ROM,を,認めず,wiki
リスト,から,削除される,wiki
画像,を,添付する,wiki
サーバー,に,掛かる,wiki
負担,が,掛かる,wiki
ウェブ,で,公開する,wiki
転送,を,禁止する,wiki
管理者,が,定める,wiki
点,に,ある,wiki
特徴,が,ある,wiki
哲学,が,結び付く,wiki
指針,と,結び付く,wiki
例,が,ある,wiki
物事,を,問う,wiki
言葉,を,用いる,wiki
心,に,響く,wiki
アイデア,を,探す,wiki
宗教,と,通じる,wiki
ドイツ人,に,含まれる,wiki
ドイツ,を,構成する,wiki
ドイツ人,を,分ける,wiki
座,を,独占する,wiki
国土,が,限定される,wiki
地域,に,限定される,wiki
左右,を,問わず,wiki
合併,を,求める,wiki
声,が,高まる,wiki
国名,を,名乗る,wiki
言葉,が,残る,wiki
オーストリア,を,除外する,wiki
ドイツ,から,除外する,wiki
形,に,戻す,wiki
記述,が,ある,wiki
維持,を,支持する,wiki
見方,が,ある,wiki
こと,を,伺わせる,wiki
逆手,に,取る,wiki
ドイツ人,と,異なる,wiki
意識,が,誕生する,wiki
分離,が,される,wiki
民族,と,呼ばれる,wiki
時代,が,始まる,wiki
意識,が,育つ,wiki
民族主義,が,急伸する,wiki
年,に,かける,wiki
政党,が,加わる,wiki
与党,に,加わる,wiki
波紋,を,呼ぶ,wiki
風潮,と,関連する,wiki
左辺,に,書く,wiki
記号,を,書く,wiki
手法,が,ある,wiki
テント,が,付く,wiki
目,に,付く,wiki
自身,が,する,wiki
経る,と,する,wiki
境界,を,定める,wiki
形式,を,持つ,wiki
作品,と,再定義される,wiki
制約,に,従う,wiki
作品,と,識別する,wiki
作品,を,排除する,wiki
ジャンル,が,属する,wiki
文学,に,属する,wiki
作者,が,望まない,wiki
側面,を,持つ,wiki
的,と,なる,wiki
間,に,設ける,wiki
ヒエラルキー,を,設ける,wiki
作品,が,一致する,wiki
分野,に,一致する,wiki
テキスト,に,期待される,wiki
役割,に,専念する,wiki
こと,で,満足する,wiki
試練,に,耐える,wiki
射程,を,保証する,wiki
ポピュラー音楽,に,於く,wiki
ポップ,と,総称される,wiki
ジャンル,が,存在する,wiki
国内外,で,する,wiki
活動,を,する,wiki
全体,が,保存される,wiki
植物,が,存在する,wiki
リグニン,を,持たない,wiki
地層,から,見付かる,wiki
分裂,を,伴う,wiki
交代,を,行う,wiki
存在,を,示唆する,wiki
スーダン,で,合流する,wiki
川,が,合流する,wiki
国内,を,渡る,wiki
δ,を,形成する,wiki
地中海,に,注ぐ,wiki
河谷,が,続く,wiki
幅,が,広がる,wiki
近辺,で,なる,wiki
三角州,と,なる,wiki
地中海,に,向かう,wiki
水量,が,減少する,wiki
古く,から,する,wiki
カイロ,を,する,wiki
境,に,する,wiki
地域,に,分けられる,wiki
地域,を,指す,wiki
カイロ,から,指す,wiki
谷,を,指す,wiki
山,が,起こす,wiki
噴火,を,起こす,wiki
イラスト,を,描く,wiki
要望,が,ある,wiki
連載,を,する,wiki
ギャラリー,に,掲載される,wiki
電磁波,から,成る,wiki
他,に,登場する,wiki
物質,に,よらない,wiki
意識,が,登場する,wiki
実体,に,依拠しない,wiki
宗教,で,呼ばれる,wiki
霊,と,呼ばれる,wiki
存在,を,想定する,wiki
そこ,から,類推する,wiki
文字,を,読む,wiki
文字,が,読むる読む,wiki
動詞,が,出来上がる,wiki
物,と,考えられる,wiki
実際,に,出す,wiki
音,を,出す,wiki
音楽,を,奏でる,wiki
楽器,を,奏する,wiki
歌,を,歌う,wiki
譜面,に,従う,wiki
演奏,が,多用される,wiki
通り,に,演奏される,wiki
真,に,呼ばれる,wiki
演奏,と,呼ばれる,wiki
イラク,に,当たる,wiki
勢力圏,と,定められる,wiki
利権,を,獲得する,wiki
大戦,が,終結する,wiki
手中,に,ある,wiki
月,に,勃発する,wiki
日,に,する,wiki
サーバー,を,運営する,wiki
無料,で,使用出来る,wiki
鏡,が,来る,wiki
記号,から,或る,wiki
文字列,が,導出される,wiki
過程,を,記述する,wiki
文字列,を,書き出す,wiki
記号,から,始める,wiki
規則,を,適用する,wiki
度,に,書き出す,wiki
文字列,を,書き出す,wiki
最後,に,なる,wiki
文字列,に,なる,wiki
記号,を,書き替える,wiki
最初,に,書き替える,wiki
規則,を,適用する,wiki
規則,を,列挙する,wiki
此れ,を,呼ぶ,wiki
文法,が,ある,wiki
種類,が,ある,wiki
型,が,用いられる,wiki
印象,を,与える,wiki
文語,で,用いられる,wiki
以外,で,製作される,wiki
価値観,と,対立する,wiki
人倫,に,関わる,wiki
明確化,を,試みる,wiki
議論,を,好む,wiki
発音,を,音写する,wiki
初期,に,借用される,wiki
原音,を,反映する,wiki
音,が,現れる,wiki
特性,を,持つ,wiki
層,が,限定される,wiki
条件,が,示される,wiki
販売店,で,行われる,wiki
チェック,が,行われる,wiki
最初,から,切り捨てる,wiki
層,に,特化する,wiki
老若男女,に,受け入れられる,wiki
年,に,連載される,wiki
近代化,が,進められる,wiki
農業,から,なる,wiki
人口,が,占める,wiki
島々,が,点在する,wiki
近く,に,点在する,wiki
問題,が,起きる,wiki
問題,で,全額賭ける,wiki
克秀,に,全額賭ける,wiki
植草,が,正解し他,wiki
点,を,獲得する,wiki
時代,から,続く,wiki
見解,が,ある,wiki
劇場,が,関連する,wiki
民間伝承,に,関連する,wiki
地域,で,実践される,wiki
儀式,から,発展する,wiki
説,が,唱えられる,wiki
影響,を,受ける,wiki
先生,に,受ける,wiki
影響,を,受ける,wiki
漫画,を,始める,wiki
遼一,を,上げる,wiki
先生,に,会う,wiki
漫画家,に,なる,wiki
